Word1,Word2,CBoW_Model_W1,CBoW_Model_W2,CBoW_Model_W3,CBoW_Model_W4,CBoW_Model_W5,CBoW_Model_W6,CBoW_Model_W7,CBoW_Model_W8,CBoW_Model_W9,CBoW_Model_W10,CBoW_Model_W11,CBoW_Model_W12,CBoW_Model_W13,CBoW_Model_W14,CBoW_Model_W15,CBoW_Model_W16,CBoW_Model_W17,CBoW_Model_W18,CBoW_Model_W19,CBoW_Model_W20,CBoW_Model_W21,CBoW_Model_W22,CBoW_Model_W23,CBoW_Model_W24,CBoW_Model_W25,SGNS_Model_W1,SGNS_Model_W2,SGNS_Model_W3,SGNS_Model_W4,SGNS_Model_W5,SGNS_Model_W6,SGNS_Model_W7,SGNS_Model_W8,SGNS_Model_W9,SGNS_Model_W10,SGNS_Model_W11,SGNS_Model_W12,SGNS_Model_W13,SGNS_Model_W14,SGNS_Model_W15,SGNS_Model_W16,SGNS_Model_W17,SGNS_Model_W18,SGNS_Model_W19,SGNS_Model_W20,SGNS_Model_W21,SGNS_Model_W22,SGNS_Model_W23,SGNS_Model_W24,SGNS_Model_W25,Reference_val 
tiger,cat,NA,NA,NA,NA,NA,NA,NA,NA,NA,NA,NA,NA,NA,NA,NA,NA,NA,NA,NA,NA,NA,NA,NA,NA,NA,NA,NA,NA,NA,NA,NA,NA,NA,NA,NA,NA,NA,NA,NA,NA,NA,NA,NA,NA,NA,NA,NA,NA,NA,NA,7.35
tiger,tiger,NA,NA,NA,NA,NA,NA,NA,NA,NA,NA,NA,NA,NA,NA,NA,NA,NA,NA,NA,NA,NA,NA,NA,NA,NA,NA,NA,NA,NA,NA,NA,NA,NA,NA,NA,NA,NA,NA,NA,NA,NA,NA,NA,NA,NA,NA,NA,NA,NA,NA,10.00
plane,car,0.26724958,0.7459327,0.8034916,0.75971615,0.7586876,0.7535341,0.7281897,0.68165195,0.69876075,0.6825555,0.62117887,0.6068139,0.65240514,0.6275041,0.6246347,0.6135943,0.6097955,0.5527369,0.56766474,0.5393996,0.55707544,0.5370604,0.49720234,0.50613546,0.46639404,0.2880395,0.3175214,0.28447238,0.2605673,0.2669317,0.30078486,0.25916415,0.29962155,0.29570374,0.28716946,0.26669472,0.27900496,0.28313544,0.2860307,0.28943053,0.26386294,0.3043421,0.2737618,0.28067958,0.31061652,0.26360857,0.31718582,0.2725838,0.2702293,0.2621512,5.77
train,car,0.39910144,0.75843096,0.79828215,0.7927408,0.77083147,0.7636543,0.7428728,0.7136817,0.68179053,0.655012,0.647871,0.63997686,0.68687725,0.59578395,0.60641956,0.6301555,0.6049461,0.5744066,0.50162923,0.59314364,0.58446884,0.5576118,0.5047756,0.4847165,0.57060283,0.38281953,0.35092658,0.36937237,0.3508864,0.3383125,0.33213037,0.37078738,0.31988466,0.3358304,0.35219246,0.3765419,0.36927384,0.35995832,0.3705603,0.3753028,0.39149696,0.36492202,0.35324156,0.38884634,0.36109266,0.37960798,0.3366754,0.37922195,0.38213938,0.4020584,6.31
television,radio,0.59561396,0.861544,0.8836149,0.8884745,0.8949721,0.86749077,0.8709279,0.86850363,0.8582758,0.862165,0.8378158,0.8271715,0.81885844,0.8336234,0.80845445,0.8203517,0.8058566,0.79580927,0.770002,0.7678257,0.7511181,0.761052,0.7665202,0.76475745,0.7559092,0.53898764,0.5462432,0.5241,0.52732444,0.51801395,0.5522599,0.5321263,0.5438458,0.55971247,0.54917294,0.55974066,0.5452275,0.5514679,0.5757617,0.58507276,0.5723321,0.59371233,0.61033964,0.5864466,0.5979881,0.58318675,0.598701,0.6068211,0.5988984,0.6071302,6.77
media,radio,0.33737606,0.7568981,0.7887261,0.8037491,0.81140137,0.7765746,0.7913304,0.75951827,0.74083686,0.73513114,0.73626447,0.70154804,0.7169075,0.6970111,0.7073851,0.6906736,0.6827673,0.66034424,0.6329905,0.63253164,0.6319173,0.6012722,0.5936959,0.6187521,0.59642404,0.28496808,0.29109162,0.29602933,0.27751523,0.2961315,0.31046763,0.31559527,0.27785248,0.34338212,0.322792,0.30551758,0.31965497,0.33514333,0.3328718,0.31911317,0.31879684,0.33386207,0.32932478,0.34584183,0.34509927,0.3278538,0.349191,0.34675166,0.35307306,0.36122438,7.42
bread,butter,NA,NA,NA,NA,NA,NA,NA,NA,NA,NA,NA,NA,NA,NA,NA,NA,NA,NA,NA,NA,NA,NA,NA,NA,NA,NA,NA,NA,NA,NA,NA,NA,NA,NA,NA,NA,NA,NA,NA,NA,NA,NA,NA,NA,NA,NA,NA,NA,NA,NA,6.19
cucumber,potato,NA,NA,NA,NA,NA,NA,NA,NA,NA,NA,NA,NA,NA,NA,NA,NA,NA,NA,NA,NA,NA,NA,NA,NA,NA,NA,NA,NA,NA,NA,NA,NA,NA,NA,NA,NA,NA,NA,NA,NA,NA,NA,NA,NA,NA,NA,NA,NA,NA,NA,5.92
doctor,nurse,NA,NA,NA,NA,NA,NA,NA,NA,NA,NA,NA,NA,NA,NA,NA,NA,NA,NA,NA,NA,NA,NA,NA,NA,NA,NA,NA,NA,NA,NA,NA,NA,NA,NA,NA,NA,NA,NA,NA,NA,NA,NA,NA,NA,NA,NA,NA,NA,NA,NA,7.00
professor,doctor,0.36399725,0.7279052,0.7594291,0.73007625,0.74116915,0.7072266,0.6798184,0.62357175,0.652627,0.58911175,0.5978886,0.5848223,0.49275085,0.5423785,0.5656993,0.49389282,0.51602674,0.48605582,0.49146837,0.46283713,0.4271524,0.5257603,0.42702463,0.431508,0.42717618,0.36757642,0.3630439,0.34166083,0.28030616,0.2635432,0.26890758,0.27790305,0.27928048,0.30578196,0.28343856,0.28072625,0.29716992,0.28343257,0.31196934,0.31820184,0.29382885,0.30234787,0.3379589,0.32917088,0.3327684,0.30689523,0.3464523,0.3406134,0.36177966,0.36886746,6.62
student,professor,0.3961511,0.74899155,0.76684266,0.76754713,0.76270664,0.7753474,0.71655774,0.71311647,0.685233,0.68138784,0.62625074,0.64369607,0.5913697,0.580003,0.628001,0.577549,0.5703007,0.54917336,0.5541674,0.53586775,0.5436912,0.5588701,0.4933287,0.50253963,0.49429673,0.3599258,0.36587188,0.3492493,0.29730633,0.32325405,0.31986457,0.34633946,0.34109837,0.32679808,0.3639862,0.39351153,0.38192394,0.35339954,0.3848555,0.3838281,0.39892608,0.39757502,0.36544484,0.36279893,0.3752937,0.3895002,0.41581333,0.41252923,0.41496763,0.39671865,6.81
smart,stupid,NA,NA,NA,NA,NA,NA,NA,NA,NA,NA,NA,NA,NA,NA,NA,NA,NA,NA,NA,NA,NA,NA,NA,NA,NA,NA,NA,NA,NA,NA,NA,NA,NA,NA,NA,NA,NA,NA,NA,NA,NA,NA,NA,NA,NA,NA,NA,NA,NA,NA,5.81
wood,forest,0.36987823,0.7502589,0.7676564,0.75287473,0.7542347,0.74672025,0.70351225,0.7235732,0.6513247,0.65174973,0.6377563,0.61639535,0.597333,0.63364434,0.546216,0.57471615,0.56710696,0.49009818,0.53704506,0.55805916,0.49356815,0.47759664,0.504165,0.4799613,0.47505566,0.24618797,0.24399343,0.25287384,0.26086807,0.2319916,0.23758253,0.23570323,0.24331601,0.23754391,0.22232533,0.23161444,0.2459495,0.25244507,0.26703447,0.24929321,0.2539755,0.24884138,0.2326478,0.25767905,0.2784416,0.29611486,0.25596544,0.26374173,0.2789411,0.2695439,7.73
money,cash,0.46565172,0.7984282,0.8342646,0.8251957,0.78993165,0.77758884,0.7802107,0.7529082,0.7522125,0.7298082,0.7162366,0.70412195,0.6991943,0.6623137,0.6597651,0.6429869,0.60619944,0.5670775,0.6202271,0.59596914,0.63313854,0.57530415,0.6057893,0.6019896,0.5957438,0.41491294,0.39696884,0.40306938,0.33933115,0.36137247,0.35818222,0.406145,0.3889487,0.31436676,0.41563267,0.35169962,0.3853532,0.40086985,0.38491353,0.40054044,0.4050365,0.418529,0.38788635,0.41768762,0.37887806,0.38127518,0.39571548,0.4228925,0.4154691,0.43310902,9.15
king,queen,0.49311453,0.805717,0.83193165,0.8470067,0.85036576,0.8235197,0.8230313,0.82737195,0.81609476,0.8021151,0.79328704,0.77937734,0.77433616,0.75473964,0.7383286,0.7283753,0.75375694,0.72311294,0.7182603,0.70682853,0.7015636,0.69975734,0.6958674,0.6827073,0.6607039,0.49619108,0.46673438,0.48169,0.4835518,0.50528824,0.52208114,0.5071193,0.5288079,0.51660013,0.5409206,0.53709996,0.5221574,0.540868,0.5419478,0.5625204,0.55736697,0.5733254,0.5548612,0.53003705,0.5653228,0.5710312,0.5476738,0.56325126,0.5696659,0.57253486,8.58
king,rook,NA,NA,NA,NA,NA,NA,NA,NA,NA,NA,NA,NA,NA,NA,NA,NA,NA,NA,NA,NA,NA,NA,NA,NA,NA,NA,NA,NA,NA,NA,NA,NA,NA,NA,NA,NA,NA,NA,NA,NA,NA,NA,NA,NA,NA,NA,NA,NA,NA,NA,5.92
bishop,rabbi,NA,NA,NA,NA,NA,NA,NA,NA,NA,NA,NA,NA,NA,NA,NA,NA,NA,NA,NA,NA,NA,NA,NA,NA,NA,NA,NA,NA,NA,NA,NA,NA,NA,NA,NA,NA,NA,NA,NA,NA,NA,NA,NA,NA,NA,NA,NA,NA,NA,NA,6.69
fuck,sex,NA,NA,NA,NA,NA,NA,NA,NA,NA,NA,NA,NA,NA,NA,NA,NA,NA,NA,NA,NA,NA,NA,NA,NA,NA,NA,NA,NA,NA,NA,NA,NA,NA,NA,NA,NA,NA,NA,NA,NA,NA,NA,NA,NA,NA,NA,NA,NA,NA,NA,9.44
football,soccer,NA,NA,NA,NA,NA,NA,NA,NA,NA,NA,NA,NA,NA,NA,NA,NA,NA,NA,NA,NA,NA,NA,NA,NA,NA,NA,NA,NA,NA,NA,NA,NA,NA,NA,NA,NA,NA,NA,NA,NA,NA,NA,NA,NA,NA,NA,NA,NA,NA,NA,9.03
football,basketball,0.7563192,0.9147905,0.909839,0.91134083,0.8867316,0.8900548,0.8549653,0.8711215,0.846578,0.8424116,0.8298386,0.82904065,0.8441533,0.7822658,0.8021002,0.78026736,0.77337366,0.7505201,0.74064386,0.7605777,0.75754774,0.7591994,0.7685659,0.7447285,0.76400185,0.686609,0.6451443,0.62911016,0.5931138,0.59445226,0.598183,0.5792606,0.607401,0.59184176,0.57926893,0.5803333,0.58790475,0.5871223,0.58861667,0.5551713,0.6014974,0.5724955,0.59808797,0.5934539,0.5679903,0.5673899,0.5697024,0.57102895,0.57584095,0.57084906,6.81
football,tennis,NA,NA,NA,NA,NA,NA,NA,NA,NA,NA,NA,NA,NA,NA,NA,NA,NA,NA,NA,NA,NA,NA,NA,NA,NA,NA,NA,NA,NA,NA,NA,NA,NA,NA,NA,NA,NA,NA,NA,NA,NA,NA,NA,NA,NA,NA,NA,NA,NA,NA,6.63
Arafat,Jackson,NA,NA,NA,NA,NA,NA,NA,NA,NA,NA,NA,NA,NA,NA,NA,NA,NA,NA,NA,NA,NA,NA,NA,NA,NA,NA,NA,NA,NA,NA,NA,NA,NA,NA,NA,NA,NA,NA,NA,NA,NA,NA,NA,NA,NA,NA,NA,NA,NA,NA,2.50
physics,chemistry,0.69892704,0.9035797,0.9059552,0.9121977,0.910025,0.89309615,0.88223195,0.8982818,0.865712,0.8768456,0.86272347,0.82624,0.8490623,0.808815,0.8266574,0.78906333,0.8013541,0.7820343,0.78260666,0.76180804,0.7474516,0.7644834,0.7444769,0.7627368,0.7649994,0.6739128,0.65347093,0.60829836,0.5763774,0.5718211,0.5476184,0.56749123,0.5845758,0.5634692,0.5830399,0.55543256,0.58063555,0.5747644,0.5425871,0.554037,0.56014895,0.5450324,0.5749643,0.53863347,0.5543053,0.5539827,0.552248,0.5426406,0.56456876,0.5520595,7.35
vodka,gin,NA,NA,NA,NA,NA,NA,NA,NA,NA,NA,NA,NA,NA,NA,NA,NA,NA,NA,NA,NA,NA,NA,NA,NA,NA,NA,NA,NA,NA,NA,NA,NA,NA,NA,NA,NA,NA,NA,NA,NA,NA,NA,NA,NA,NA,NA,NA,NA,NA,NA,8.46
vodka,brandy,NA,NA,NA,NA,NA,NA,NA,NA,NA,NA,NA,NA,NA,NA,NA,NA,NA,NA,NA,NA,NA,NA,NA,NA,NA,NA,NA,NA,NA,NA,NA,NA,NA,NA,NA,NA,NA,NA,NA,NA,NA,NA,NA,NA,NA,NA,NA,NA,NA,NA,8.13
drink,eat,NA,NA,NA,NA,NA,NA,NA,NA,NA,NA,NA,NA,NA,NA,NA,NA,NA,NA,NA,NA,NA,NA,NA,NA,NA,NA,NA,NA,NA,NA,NA,NA,NA,NA,NA,NA,NA,NA,NA,NA,NA,NA,NA,NA,NA,NA,NA,NA,NA,NA,6.87
car,automobile,NA,NA,NA,NA,NA,NA,NA,NA,NA,NA,NA,NA,NA,NA,NA,NA,NA,NA,NA,NA,NA,NA,NA,NA,NA,NA,NA,NA,NA,NA,NA,NA,NA,NA,NA,NA,NA,NA,NA,NA,NA,NA,NA,NA,NA,NA,NA,NA,NA,NA,8.94
gem,jewel,NA,NA,NA,NA,NA,NA,NA,NA,NA,NA,NA,NA,NA,NA,NA,NA,NA,NA,NA,NA,NA,NA,NA,NA,NA,NA,NA,NA,NA,NA,NA,NA,NA,NA,NA,NA,NA,NA,NA,NA,NA,NA,NA,NA,NA,NA,NA,NA,NA,NA,8.96
journey,voyage,NA,NA,NA,NA,NA,NA,NA,NA,NA,NA,NA,NA,NA,NA,NA,NA,NA,NA,NA,NA,NA,NA,NA,NA,NA,NA,NA,NA,NA,NA,NA,NA,NA,NA,NA,NA,NA,NA,NA,NA,NA,NA,NA,NA,NA,NA,NA,NA,NA,NA,9.29
boy,lad,NA,NA,NA,NA,NA,NA,NA,NA,NA,NA,NA,NA,NA,NA,NA,NA,NA,NA,NA,NA,NA,NA,NA,NA,NA,NA,NA,NA,NA,NA,NA,NA,NA,NA,NA,NA,NA,NA,NA,NA,NA,NA,NA,NA,NA,NA,NA,NA,NA,NA,8.83
coast,shore,NA,NA,NA,NA,NA,NA,NA,NA,NA,NA,NA,NA,NA,NA,NA,NA,NA,NA,NA,NA,NA,NA,NA,NA,NA,NA,NA,NA,NA,NA,NA,NA,NA,NA,NA,NA,NA,NA,NA,NA,NA,NA,NA,NA,NA,NA,NA,NA,NA,NA,9.10
asylum,madhouse,NA,NA,NA,NA,NA,NA,NA,NA,NA,NA,NA,NA,NA,NA,NA,NA,NA,NA,NA,NA,NA,NA,NA,NA,NA,NA,NA,NA,NA,NA,NA,NA,NA,NA,NA,NA,NA,NA,NA,NA,NA,NA,NA,NA,NA,NA,NA,NA,NA,NA,8.87
magician,wizard,NA,NA,NA,NA,NA,NA,NA,NA,NA,NA,NA,NA,NA,NA,NA,NA,NA,NA,NA,NA,NA,NA,NA,NA,NA,NA,NA,NA,NA,NA,NA,NA,NA,NA,NA,NA,NA,NA,NA,NA,NA,NA,NA,NA,NA,NA,NA,NA,NA,NA,9.02
midday,noon,NA,NA,NA,NA,NA,NA,NA,NA,NA,NA,NA,NA,NA,NA,NA,NA,NA,NA,NA,NA,NA,NA,NA,NA,NA,NA,NA,NA,NA,NA,NA,NA,NA,NA,NA,NA,NA,NA,NA,NA,NA,NA,NA,NA,NA,NA,NA,NA,NA,NA,9.29
furnace,stove,NA,NA,NA,NA,NA,NA,NA,NA,NA,NA,NA,NA,NA,NA,NA,NA,NA,NA,NA,NA,NA,NA,NA,NA,NA,NA,NA,NA,NA,NA,NA,NA,NA,NA,NA,NA,NA,NA,NA,NA,NA,NA,NA,NA,NA,NA,NA,NA,NA,NA,8.79
food,fruit,0.48096037,0.79591346,0.825668,0.8180319,0.8263658,0.79802155,0.7720083,0.77533454,0.75280905,0.73657477,0.7095802,0.7279024,0.7002506,0.73510253,0.68804735,0.6516595,0.6746837,0.6236612,0.63258874,0.6205437,0.63852715,0.62411034,0.61905694,0.5975756,0.62734115,0.45277596,0.39094883,0.41244882,0.38234198,0.32925156,0.38651007,0.3949211,0.37558797,0.39841598,0.41267836,0.38406575,0.40515077,0.40996313,0.3978597,0.4158723,0.40455878,0.41513902,0.41926032,0.4342366,0.38754895,0.3743746,0.4140136,0.43127635,0.44936723,0.40234095,7.52
bird,cock,NA,NA,NA,NA,NA,NA,NA,NA,NA,NA,NA,NA,NA,NA,NA,NA,NA,NA,NA,NA,NA,NA,NA,NA,NA,NA,NA,NA,NA,NA,NA,NA,NA,NA,NA,NA,NA,NA,NA,NA,NA,NA,NA,NA,NA,NA,NA,NA,NA,NA,7.10
bird,crane,NA,NA,NA,NA,NA,NA,NA,NA,NA,NA,NA,NA,NA,NA,NA,NA,NA,NA,NA,NA,NA,NA,NA,NA,NA,NA,NA,NA,NA,NA,NA,NA,NA,NA,NA,NA,NA,NA,NA,NA,NA,NA,NA,NA,NA,NA,NA,NA,NA,NA,7.38
food,rooster,NA,NA,NA,NA,NA,NA,NA,NA,NA,NA,NA,NA,NA,NA,NA,NA,NA,NA,NA,NA,NA,NA,NA,NA,NA,NA,NA,NA,NA,NA,NA,NA,NA,NA,NA,NA,NA,NA,NA,NA,NA,NA,NA,NA,NA,NA,NA,NA,NA,NA,4.42
money,dollar,0.31065315,0.72072387,0.7443549,0.7552817,0.7546709,0.76121116,0.7336576,0.7074203,0.7198503,0.6864564,0.6700011,0.64732397,0.6443083,0.6426905,0.6149682,0.61423755,0.577754,0.61026484,0.63758683,0.61240536,0.5981795,0.53169817,0.5669738,0.5686363,0.6218293,0.2917747,0.25633353,0.2253756,0.23343152,0.26023582,0.22739865,0.24206445,0.24168159,0.23240227,0.24663016,0.26136446,0.23975204,0.268274,0.26816046,0.2754826,0.26801544,0.27101755,0.28785023,0.31444663,0.31495202,0.31429225,0.29215527,0.30272838,0.29566067,0.3366905,8.42
money,currency,0.32721063,0.73711646,0.77155364,0.7759906,0.75922203,0.76802486,0.7504504,0.71013,0.6974727,0.7120638,0.6748327,0.67362905,0.65836394,0.591208,0.6313207,0.66510975,0.5708282,0.58374405,0.61867094,0.5737325,0.5311591,0.55452436,0.55382204,0.5382731,0.55652153,0.329154,0.33897394,0.33816475,0.29876444,0.29565537,0.30634603,0.31684253,0.3053118,0.3046447,0.3430404,0.32319695,0.37819427,0.33187193,0.3519433,0.32546788,0.3570369,0.35126245,0.36098894,0.3768004,0.37555236,0.36490768,0.35161728,0.40657687,0.37539852,0.39204758,9.04
tiger,jaguar,NA,NA,NA,NA,NA,NA,NA,NA,NA,NA,NA,NA,NA,NA,NA,NA,NA,NA,NA,NA,NA,NA,NA,NA,NA,NA,NA,NA,NA,NA,NA,NA,NA,NA,NA,NA,NA,NA,NA,NA,NA,NA,NA,NA,NA,NA,NA,NA,NA,NA,8.00
tiger,feline,NA,NA,NA,NA,NA,NA,NA,NA,NA,NA,NA,NA,NA,NA,NA,NA,NA,NA,NA,NA,NA,NA,NA,NA,NA,NA,NA,NA,NA,NA,NA,NA,NA,NA,NA,NA,NA,NA,NA,NA,NA,NA,NA,NA,NA,NA,NA,NA,NA,NA,8.00
tiger,carnivore,NA,NA,NA,NA,NA,NA,NA,NA,NA,NA,NA,NA,NA,NA,NA,NA,NA,NA,NA,NA,NA,NA,NA,NA,NA,NA,NA,NA,NA,NA,NA,NA,NA,NA,NA,NA,NA,NA,NA,NA,NA,NA,NA,NA,NA,NA,NA,NA,NA,NA,7.08
tiger,mammal,NA,NA,NA,NA,NA,NA,NA,NA,NA,NA,NA,NA,NA,NA,NA,NA,NA,NA,NA,NA,NA,NA,NA,NA,NA,NA,NA,NA,NA,NA,NA,NA,NA,NA,NA,NA,NA,NA,NA,NA,NA,NA,NA,NA,NA,NA,NA,NA,NA,NA,6.85
tiger,animal,NA,NA,NA,NA,NA,NA,NA,NA,NA,NA,NA,NA,NA,NA,NA,NA,NA,NA,NA,NA,NA,NA,NA,NA,NA,NA,NA,NA,NA,NA,NA,NA,NA,NA,NA,NA,NA,NA,NA,NA,NA,NA,NA,NA,NA,NA,NA,NA,NA,NA,7.00
tiger,organism,NA,NA,NA,NA,NA,NA,NA,NA,NA,NA,NA,NA,NA,NA,NA,NA,NA,NA,NA,NA,NA,NA,NA,NA,NA,NA,NA,NA,NA,NA,NA,NA,NA,NA,NA,NA,NA,NA,NA,NA,NA,NA,NA,NA,NA,NA,NA,NA,NA,NA,4.77
tiger,fauna,NA,NA,NA,NA,NA,NA,NA,NA,NA,NA,NA,NA,NA,NA,NA,NA,NA,NA,NA,NA,NA,NA,NA,NA,NA,NA,NA,NA,NA,NA,NA,NA,NA,NA,NA,NA,NA,NA,NA,NA,NA,NA,NA,NA,NA,NA,NA,NA,NA,NA,5.62
psychology,psychiatry,NA,NA,NA,NA,NA,NA,NA,NA,NA,NA,NA,NA,NA,NA,NA,NA,NA,NA,NA,NA,NA,NA,NA,NA,NA,NA,NA,NA,NA,NA,NA,NA,NA,NA,NA,NA,NA,NA,NA,NA,NA,NA,NA,NA,NA,NA,NA,NA,NA,NA,8.08
psychology,science,0.451894,0.80415857,0.8401377,0.81695855,0.8304492,0.7936952,0.80508304,0.79172164,0.77869874,0.757579,0.75587165,0.72956884,0.7622768,0.7457049,0.7467724,0.75094414,0.69839513,0.7036052,0.68094826,0.70086515,0.6540175,0.70678,0.64704454,0.6600354,0.63811743,0.48244458,0.43592316,0.43190625,0.39246324,0.4107932,0.4013133,0.37985784,0.3890608,0.4099872,0.4027008,0.36118582,0.40462488,0.40737385,0.40782762,0.41158158,0.4107868,0.42070377,0.4052847,0.43197572,0.42869297,0.45832372,0.43370318,0.44177413,0.4244933,0.4157642,6.71
psychology,discipline,NA,NA,NA,NA,NA,NA,NA,NA,NA,NA,NA,NA,NA,NA,NA,NA,NA,NA,NA,NA,NA,NA,NA,NA,NA,NA,NA,NA,NA,NA,NA,NA,NA,NA,NA,NA,NA,NA,NA,NA,NA,NA,NA,NA,NA,NA,NA,NA,NA,NA,5.58
planet,star,0.36975294,0.7495857,0.78527546,0.7768948,0.779793,0.75173885,0.73060477,0.749578,0.72427326,0.69222796,0.70387334,0.67667556,0.6734078,0.66676474,0.6401199,0.6117538,0.5822604,0.6282831,0.63977337,0.63865185,0.5873414,0.549801,0.5619061,0.56054485,0.55996954,0.3869392,0.38164192,0.34894523,0.38168436,0.39324993,0.39077836,0.41464525,0.3769183,0.41094735,0.40040195,0.417751,0.4167934,0.4130429,0.40942004,0.42051518,0.43706864,0.45399892,0.4426966,0.44568953,0.49407738,0.44671804,0.47429293,0.44389635,0.4684363,0.4687636,8.45
planet,moon,0.5161626,0.81278026,0.8324299,0.83439445,0.8183923,0.81366086,0.80051243,0.78300613,0.80088323,0.7436309,0.75037515,0.72430265,0.7434211,0.72884536,0.68429124,0.6755291,0.6618632,0.68411577,0.63568527,0.67799246,0.61764216,0.6062167,0.5976576,0.63013554,0.6174661,0.5171661,0.5063249,0.47609755,0.4340806,0.46218365,0.40110502,0.40754604,0.43812877,0.4176886,0.44192585,0.4212403,0.43424505,0.45625943,0.44721094,0.4401123,0.4217204,0.4703356,0.47830337,0.445728,0.4525598,0.4109831,0.45499897,0.4643656,0.43611258,0.49209738,8.08
planet,sun,0.45517647,0.7727135,0.80485404,0.80747706,0.7903583,0.7643051,0.76071036,0.75117254,0.7625518,0.7233151,0.7170863,0.6917384,0.7194859,0.6774157,0.6475525,0.6779224,0.6420299,0.68502516,0.65309817,0.6420857,0.6530267,0.6171026,0.59134257,0.6316248,0.6045103,0.46812725,0.43174595,0.3897622,0.3740377,0.41235074,0.3881357,0.3906665,0.41088194,0.39435446,0.42985073,0.40414083,0.43635333,0.42666948,0.41166317,0.4434926,0.4263005,0.45679945,0.4519571,0.46121082,0.45457268,0.4474706,0.45197767,0.42952198,0.43185106,0.47225326,8.02
precedent,example,NA,NA,NA,NA,NA,NA,NA,NA,NA,NA,NA,NA,NA,NA,NA,NA,NA,NA,NA,NA,NA,NA,NA,NA,NA,NA,NA,NA,NA,NA,NA,NA,NA,NA,NA,NA,NA,NA,NA,NA,NA,NA,NA,NA,NA,NA,NA,NA,NA,NA,5.85
precedent,antecedent,NA,NA,NA,NA,NA,NA,NA,NA,NA,NA,NA,NA,NA,NA,NA,NA,NA,NA,NA,NA,NA,NA,NA,NA,NA,NA,NA,NA,NA,NA,NA,NA,NA,NA,NA,NA,NA,NA,NA,NA,NA,NA,NA,NA,NA,NA,NA,NA,NA,NA,6.04
cup,tableware,NA,NA,NA,NA,NA,NA,NA,NA,NA,NA,NA,NA,NA,NA,NA,NA,NA,NA,NA,NA,NA,NA,NA,NA,NA,NA,NA,NA,NA,NA,NA,NA,NA,NA,NA,NA,NA,NA,NA,NA,NA,NA,NA,NA,NA,NA,NA,NA,NA,NA,6.85
cup,artifact,NA,NA,NA,NA,NA,NA,NA,NA,NA,NA,NA,NA,NA,NA,NA,NA,NA,NA,NA,NA,NA,NA,NA,NA,NA,NA,NA,NA,NA,NA,NA,NA,NA,NA,NA,NA,NA,NA,NA,NA,NA,NA,NA,NA,NA,NA,NA,NA,NA,NA,2.92
cup,object,-0.017721381,0.68136996,0.7167451,0.75605416,0.73521876,0.701023,0.72072804,0.66067195,0.6618216,0.6296975,0.644753,0.63618624,0.62297404,0.6101769,0.60446537,0.5864481,0.56243515,0.56987625,0.5605,0.609133,0.6037642,0.52590364,0.5537112,0.5387139,0.5455029,0.0025167568,0.017052412,-0.015987683,0.0015472434,-0.041838653,-0.0028390232,-0.020302951,0.018329058,-0.030682325,0.010163151,-0.012624133,0.016980404,0.031808764,0.027171858,0.044617765,0.020339478,0.041989002,0.029553063,0.033999592,0.047816243,0.05433239,0.05772123,0.048200842,0.067643195,0.07094903,3.69
cup,entity,NA,NA,NA,NA,NA,NA,NA,NA,NA,NA,NA,NA,NA,NA,NA,NA,NA,NA,NA,NA,NA,NA,NA,NA,NA,NA,NA,NA,NA,NA,NA,NA,NA,NA,NA,NA,NA,NA,NA,NA,NA,NA,NA,NA,NA,NA,NA,NA,NA,NA,2.15
jaguar,cat,NA,NA,NA,NA,NA,NA,NA,NA,NA,NA,NA,NA,NA,NA,NA,NA,NA,NA,NA,NA,NA,NA,NA,NA,NA,NA,NA,NA,NA,NA,NA,NA,NA,NA,NA,NA,NA,NA,NA,NA,NA,NA,NA,NA,NA,NA,NA,NA,NA,NA,7.42
jaguar,car,NA,NA,NA,NA,NA,NA,NA,NA,NA,NA,NA,NA,NA,NA,NA,NA,NA,NA,NA,NA,NA,NA,NA,NA,NA,NA,NA,NA,NA,NA,NA,NA,NA,NA,NA,NA,NA,NA,NA,NA,NA,NA,NA,NA,NA,NA,NA,NA,NA,NA,7.27
mile,kilometer,NA,NA,NA,NA,NA,NA,NA,NA,NA,NA,NA,NA,NA,NA,NA,NA,NA,NA,NA,NA,NA,NA,NA,NA,NA,NA,NA,NA,NA,NA,NA,NA,NA,NA,NA,NA,NA,NA,NA,NA,NA,NA,NA,NA,NA,NA,NA,NA,NA,NA,8.66
skin,eye,0.5374243,0.8012881,0.8084024,0.78984416,0.76255774,0.7431177,0.71371424,0.6916641,0.7088058,0.72891176,0.6933465,0.6549791,0.59749436,0.63917565,0.6115092,0.57209325,0.6195543,0.5854245,0.5883491,0.5473486,0.5270361,0.5907797,0.5508915,0.5732192,0.5916805,0.4933322,0.43314797,0.40478474,0.39809388,0.3768909,0.36953166,0.3711069,0.37632227,0.37946582,0.3604017,0.36286288,0.34937578,0.37239414,0.36514628,0.41578168,0.3616659,0.39221582,0.39491382,0.39267033,0.3708464,0.39349863,0.4188749,0.4002877,0.36856753,0.41385797,6.22
Japanese,American,NA,NA,NA,NA,NA,NA,NA,NA,NA,NA,NA,NA,NA,NA,NA,NA,NA,NA,NA,NA,NA,NA,NA,NA,NA,NA,NA,NA,NA,NA,NA,NA,NA,NA,NA,NA,NA,NA,NA,NA,NA,NA,NA,NA,NA,NA,NA,NA,NA,NA,6.50
century,year,0.2074649,0.75201106,0.79918337,0.80202127,0.7832401,0.7774133,0.7473459,0.7339417,0.7132691,0.7040343,0.6587777,0.6378715,0.621935,0.6052486,0.5809636,0.5911542,0.5493915,0.58550143,0.52280694,0.54067755,0.5124869,0.5205312,0.4934609,0.45396358,0.50229615,0.23875494,0.22225966,0.20218703,0.20617707,0.22744551,0.20650238,0.19741413,0.18655342,0.186358,0.21502891,0.20125186,0.18352266,0.19392794,0.1884943,0.1903113,0.18274975,0.18574047,0.21526583,0.19246437,0.19374955,0.19935945,0.21566433,0.21189858,0.1980586,0.22183476,7.59
announcement,news,NA,NA,NA,NA,NA,NA,NA,NA,NA,NA,NA,NA,NA,NA,NA,NA,NA,NA,NA,NA,NA,NA,NA,NA,NA,NA,NA,NA,NA,NA,NA,NA,NA,NA,NA,NA,NA,NA,NA,NA,NA,NA,NA,NA,NA,NA,NA,NA,NA,NA,7.56
doctor,personnel,NA,NA,NA,NA,NA,NA,NA,NA,NA,NA,NA,NA,NA,NA,NA,NA,NA,NA,NA,NA,NA,NA,NA,NA,NA,NA,NA,NA,NA,NA,NA,NA,NA,NA,NA,NA,NA,NA,NA,NA,NA,NA,NA,NA,NA,NA,NA,NA,NA,NA,5.00
Harvard,Yale,NA,NA,NA,NA,NA,NA,NA,NA,NA,NA,NA,NA,NA,NA,NA,NA,NA,NA,NA,NA,NA,NA,NA,NA,NA,NA,NA,NA,NA,NA,NA,NA,NA,NA,NA,NA,NA,NA,NA,NA,NA,NA,NA,NA,NA,NA,NA,NA,NA,NA,8.13
hospital,infrastructure,NA,NA,NA,NA,NA,NA,NA,NA,NA,NA,NA,NA,NA,NA,NA,NA,NA,NA,NA,NA,NA,NA,NA,NA,NA,NA,NA,NA,NA,NA,NA,NA,NA,NA,NA,NA,NA,NA,NA,NA,NA,NA,NA,NA,NA,NA,NA,NA,NA,NA,4.63
life,death,0.19234881,0.6818991,0.7468667,0.7658411,0.7628746,0.7452843,0.74790215,0.7343838,0.71251464,0.72484183,0.6946188,0.66408104,0.6688509,0.6389975,0.6559094,0.64510536,0.65805626,0.6403196,0.6278494,0.6058045,0.5757909,0.56150305,0.56935775,0.5773287,0.5722072,0.2753501,0.25326586,0.25872725,0.3015665,0.3081626,0.3259169,0.32888663,0.34441692,0.39839762,0.38636804,0.40015343,0.3895406,0.4213004,0.4256461,0.42050225,0.4460841,0.45149755,0.44150537,0.45288405,0.48136798,0.44993073,0.491716,0.47353765,0.47448045,0.49223825,7.88
travel,activity,0.17071018,0.70701724,0.7539277,0.7320284,0.73601377,0.67870146,0.6279247,0.62222517,0.5837816,0.6234071,0.538679,0.4808289,0.59610325,0.51953137,0.55868125,0.5002352,0.45077062,0.45291418,0.4461512,0.40617478,0.40466067,0.36048532,0.2964786,0.4933364,0.33440727,0.19090685,0.13532479,0.11858411,0.10715454,0.077723965,0.107013516,0.075272776,0.09128254,0.12249307,0.10763846,0.10693988,0.12770243,0.112295374,0.120888904,0.111523814,0.12268853,0.15219025,0.112589784,0.11674602,0.15823525,0.14832588,0.18241796,0.13028863,0.17415221,0.16801462,5.00
type,kind,0.52751154,0.83781904,0.87012005,0.86078566,0.86115277,0.85228384,0.81857026,0.8121008,0.8142657,0.79253125,0.77872705,0.7602985,0.7409657,0.7182766,0.73301566,0.70800626,0.6645562,0.6841433,0.6899196,0.6788937,0.6992978,0.6552005,0.6175655,0.621997,0.6459993,0.48847735,0.43826306,0.39386007,0.35885054,0.34104952,0.34257638,0.3489787,0.30735254,0.33973992,0.33399004,0.30398732,0.34233359,0.3103571,0.32180604,0.32389095,0.32904395,0.28505147,0.31980377,0.3202393,0.3142233,0.3205511,0.33460417,0.29612637,0.30975842,0.29198253,8.97
street,place,0.2504563,0.7445829,0.767261,0.7741529,0.74162984,0.7497714,0.7246747,0.7102839,0.72542685,0.6684015,0.63332283,0.6458142,0.6384264,0.60708433,0.61019194,0.5932467,0.57101226,0.541448,0.5296601,0.53017473,0.5077045,0.51187027,0.51191986,0.4714805,0.5167941,0.21346673,0.21663994,0.20632851,0.22264622,0.22157085,0.20217815,0.23570555,0.26007903,0.24025893,0.21371038,0.23570085,0.2679982,0.27352047,0.24268293,0.2727416,0.2995869,0.29059693,0.25754377,0.28897047,0.2675597,0.30765352,0.30715513,0.29272822,0.29322904,0.31063983,6.44
street,avenue,NA,NA,NA,NA,NA,NA,NA,NA,NA,NA,NA,NA,NA,NA,NA,NA,NA,NA,NA,NA,NA,NA,NA,NA,NA,NA,NA,NA,NA,NA,NA,NA,NA,NA,NA,NA,NA,NA,NA,NA,NA,NA,NA,NA,NA,NA,NA,NA,NA,NA,8.88
street,block,0.12060259,0.705198,0.75517356,0.8001937,0.7376783,0.73965293,0.7245704,0.7028799,0.70800036,0.6590905,0.6399405,0.64912665,0.6208005,0.6386632,0.61319077,0.6345082,0.6325581,0.57929325,0.570663,0.5713686,0.55805016,0.5130236,0.5354447,0.45908004,0.5254698,0.19016987,0.11269213,0.15660077,0.17307658,0.16171601,0.15764941,0.15255006,0.16354881,0.1346011,0.1823547,0.16891722,0.18324131,0.18130367,0.21512139,0.18255416,0.1728932,0.18362895,0.19992928,0.21153289,0.21217263,0.21381196,0.21662202,0.19525121,0.2100962,0.22574104,6.88
cell,phone,NA,NA,NA,NA,NA,NA,NA,NA,NA,NA,NA,NA,NA,NA,NA,NA,NA,NA,NA,NA,NA,NA,NA,NA,NA,NA,NA,NA,NA,NA,NA,NA,NA,NA,NA,NA,NA,NA,NA,NA,NA,NA,NA,NA,NA,NA,NA,NA,NA,NA,7.81
dividend,payment,NA,NA,NA,NA,NA,NA,NA,NA,NA,NA,NA,NA,NA,NA,NA,NA,NA,NA,NA,NA,NA,NA,NA,NA,NA,NA,NA,NA,NA,NA,NA,NA,NA,NA,NA,NA,NA,NA,NA,NA,NA,NA,NA,NA,NA,NA,NA,NA,NA,NA,7.63
calculation,computation,NA,NA,NA,NA,NA,NA,NA,NA,NA,NA,NA,NA,NA,NA,NA,NA,NA,NA,NA,NA,NA,NA,NA,NA,NA,NA,NA,NA,NA,NA,NA,NA,NA,NA,NA,NA,NA,NA,NA,NA,NA,NA,NA,NA,NA,NA,NA,NA,NA,NA,8.44
profit,loss,0.18996006,0.6695179,0.6846281,0.67614883,0.641333,0.6230778,0.6119853,0.5653757,0.57324797,0.52058345,0.5063498,0.45887548,0.47665033,0.4650476,0.48319376,0.48970097,0.400806,0.39734477,0.4103197,0.36119854,0.41962132,0.36890316,0.38466796,0.3466249,0.32761094,0.19904402,0.12470475,0.074522756,0.11946875,0.10652829,0.10878918,0.1065605,0.10616864,0.12289569,0.11836614,0.1471254,0.10079001,0.18378356,0.15074313,0.12848094,0.19562452,0.15549949,0.15216973,0.19198026,0.15077622,0.1921309,0.15990081,0.17734578,0.16113563,0.14773434,7.63
dollar,yen,NA,NA,NA,NA,NA,NA,NA,NA,NA,NA,NA,NA,NA,NA,NA,NA,NA,NA,NA,NA,NA,NA,NA,NA,NA,NA,NA,NA,NA,NA,NA,NA,NA,NA,NA,NA,NA,NA,NA,NA,NA,NA,NA,NA,NA,NA,NA,NA,NA,NA,7.78
dollar,buck,NA,NA,NA,NA,NA,NA,NA,NA,NA,NA,NA,NA,NA,NA,NA,NA,NA,NA,NA,NA,NA,NA,NA,NA,NA,NA,NA,NA,NA,NA,NA,NA,NA,NA,NA,NA,NA,NA,NA,NA,NA,NA,NA,NA,NA,NA,NA,NA,NA,NA,9.22
phone,equipment,NA,NA,NA,NA,NA,NA,NA,NA,NA,NA,NA,NA,NA,NA,NA,NA,NA,NA,NA,NA,NA,NA,NA,NA,NA,NA,NA,NA,NA,NA,NA,NA,NA,NA,NA,NA,NA,NA,NA,NA,NA,NA,NA,NA,NA,NA,NA,NA,NA,NA,7.13
liquid,water,0.55211407,0.8472842,0.86530596,0.8699387,0.8569299,0.85338455,0.8392326,0.8435552,0.82125694,0.81701964,0.81938404,0.7937515,0.7886367,0.7775225,0.79717976,0.7731318,0.74819124,0.75991553,0.74350995,0.71744764,0.72404826,0.71861863,0.72550726,0.69737804,0.7154175,0.5008594,0.4418977,0.4489388,0.44314498,0.38982633,0.42878884,0.4266405,0.43673825,0.4189027,0.4102913,0.43239796,0.43130678,0.41175488,0.44375986,0.43495446,0.4639647,0.46613023,0.4271143,0.44914976,0.43892694,0.4388374,0.44628656,0.45703843,0.43540132,0.47060162,7.89
marathon,sprint,NA,NA,NA,NA,NA,NA,NA,NA,NA,NA,NA,NA,NA,NA,NA,NA,NA,NA,NA,NA,NA,NA,NA,NA,NA,NA,NA,NA,NA,NA,NA,NA,NA,NA,NA,NA,NA,NA,NA,NA,NA,NA,NA,NA,NA,NA,NA,NA,NA,NA,7.47
seafood,food,NA,NA,NA,NA,NA,NA,NA,NA,NA,NA,NA,NA,NA,NA,NA,NA,NA,NA,NA,NA,NA,NA,NA,NA,NA,NA,NA,NA,NA,NA,NA,NA,NA,NA,NA,NA,NA,NA,NA,NA,NA,NA,NA,NA,NA,NA,NA,NA,NA,NA,8.34
seafood,lobster,NA,NA,NA,NA,NA,NA,NA,NA,NA,NA,NA,NA,NA,NA,NA,NA,NA,NA,NA,NA,NA,NA,NA,NA,NA,NA,NA,NA,NA,NA,NA,NA,NA,NA,NA,NA,NA,NA,NA,NA,NA,NA,NA,NA,NA,NA,NA,NA,NA,NA,8.70
lobster,food,NA,NA,NA,NA,NA,NA,NA,NA,NA,NA,NA,NA,NA,NA,NA,NA,NA,NA,NA,NA,NA,NA,NA,NA,NA,NA,NA,NA,NA,NA,NA,NA,NA,NA,NA,NA,NA,NA,NA,NA,NA,NA,NA,NA,NA,NA,NA,NA,NA,NA,7.81
lobster,wine,NA,NA,NA,NA,NA,NA,NA,NA,NA,NA,NA,NA,NA,NA,NA,NA,NA,NA,NA,NA,NA,NA,NA,NA,NA,NA,NA,NA,NA,NA,NA,NA,NA,NA,NA,NA,NA,NA,NA,NA,NA,NA,NA,NA,NA,NA,NA,NA,NA,NA,5.70
championship,tournament,NA,NA,NA,NA,NA,NA,NA,NA,NA,NA,NA,NA,NA,NA,NA,NA,NA,NA,NA,NA,NA,NA,NA,NA,NA,NA,NA,NA,NA,NA,NA,NA,NA,NA,NA,NA,NA,NA,NA,NA,NA,NA,NA,NA,NA,NA,NA,NA,NA,NA,8.36
man,woman,0.5462458,0.81845975,0.84032285,0.8469347,0.8280606,0.83103836,0.84091663,0.82751024,0.81914216,0.8095621,0.80472755,0.79383016,0.76815224,0.7633917,0.77129495,0.74059486,0.7377256,0.7502726,0.7727958,0.7245158,0.69808215,0.70822966,0.6824174,0.6542751,0.67014384,0.48454696,0.48813114,0.45736262,0.47098097,0.46889877,0.4609748,0.48501444,0.46681687,0.48895928,0.4848854,0.4955637,0.47504324,0.47643682,0.50140166,0.507934,0.49122876,0.5109954,0.48639646,0.533783,0.5039866,0.5104877,0.49756336,0.48975804,0.5174779,0.4997761,8.30
man,governor,0.09332682,0.67561233,0.7350546,0.7331462,0.7416879,0.7309993,0.71650535,0.7074577,0.67410135,0.66195405,0.68321294,0.6710925,0.6404278,0.6078351,0.5739604,0.59528744,0.5758612,0.5779644,0.57023925,0.524158,0.52659196,0.56252605,0.53092897,0.48476136,0.52131057,0.107004024,0.093937755,0.10271391,0.14333907,0.121157765,0.13755631,0.171172,0.15142834,0.1802687,0.17617415,0.1661425,0.14633076,0.1945845,0.14450733,0.18026994,0.17171644,0.18139243,0.18237597,0.16929424,0.17083481,0.18051535,0.18981904,0.1822882,0.1694857,0.18877825,5.25
murder,manslaughter,NA,NA,NA,NA,NA,NA,NA,NA,NA,NA,NA,NA,NA,NA,NA,NA,NA,NA,NA,NA,NA,NA,NA,NA,NA,NA,NA,NA,NA,NA,NA,NA,NA,NA,NA,NA,NA,NA,NA,NA,NA,NA,NA,NA,NA,NA,NA,NA,NA,NA,8.53
opera,performance,0.16250375,0.69560903,0.739262,0.7362774,0.73183537,0.68086034,0.654997,0.67541015,0.62573695,0.6457835,0.63613355,0.587575,0.5290433,0.56354797,0.51289546,0.53664404,0.5242924,0.4975317,0.47237498,0.4783457,0.45911604,0.44172147,0.42615476,0.44566244,0.4552629,0.15541142,0.1320069,0.18411022,0.20304081,0.22773059,0.22215803,0.23248424,0.24104755,0.2533481,0.26961035,0.265174,0.24755335,0.26015487,0.27972898,0.26656055,0.30269492,0.30404562,0.32270396,0.3104189,0.32944643,0.33249483,0.32404295,0.3099509,0.34796253,0.32054043,6.88
Mexico,Brazil,NA,NA,NA,NA,NA,NA,NA,NA,NA,NA,NA,NA,NA,NA,NA,NA,NA,NA,NA,NA,NA,NA,NA,NA,NA,NA,NA,NA,NA,NA,NA,NA,NA,NA,NA,NA,NA,NA,NA,NA,NA,NA,NA,NA,NA,NA,NA,NA,NA,NA,7.44
glass,metal,0.5289548,0.83587396,0.84372866,0.8492985,0.8176403,0.78207934,0.7967845,0.82297456,0.786295,0.76978064,0.7365407,0.73864675,0.76157224,0.7119362,0.6881143,0.7095729,0.67025316,0.70193493,0.6436384,0.6474941,0.6280397,0.6926575,0.6311395,0.64006025,0.6500579,0.5028603,0.45662054,0.42025283,0.37074083,0.38790947,0.35668278,0.3710474,0.31372133,0.2837873,0.31951892,0.3047557,0.2929553,0.31554,0.35320702,0.33418438,0.3293265,0.31190473,0.3383562,0.3161753,0.3275308,0.32126486,0.32257557,0.34960645,0.3173257,0.3319131,5.56
aluminum,metal,NA,NA,NA,NA,NA,NA,NA,NA,NA,NA,NA,NA,NA,NA,NA,NA,NA,NA,NA,NA,NA,NA,NA,NA,NA,NA,NA,NA,NA,NA,NA,NA,NA,NA,NA,NA,NA,NA,NA,NA,NA,NA,NA,NA,NA,NA,NA,NA,NA,NA,7.83
rock,jazz,0.5798768,0.83628297,0.86563796,0.871071,0.87442994,0.8591131,0.85453546,0.83602256,0.8162905,0.8308525,0.8122351,0.7572789,0.7859684,0.75008374,0.7594351,0.79259735,0.7505957,0.7530786,0.73403645,0.7471205,0.7280892,0.7504264,0.75741297,0.71267354,0.67947376,0.46659395,0.456938,0.44355798,0.42288864,0.45448583,0.4661985,0.50309724,0.4847874,0.5022125,0.45243812,0.44752815,0.46854502,0.49670243,0.4866581,0.5124241,0.4959256,0.4987549,0.49709344,0.5002545,0.5200749,0.52233607,0.48871222,0.52322114,0.5336506,0.4945541,7.59
museum,theater,NA,NA,NA,NA,NA,NA,NA,NA,NA,NA,NA,NA,NA,NA,NA,NA,NA,NA,NA,NA,NA,NA,NA,NA,NA,NA,NA,NA,NA,NA,NA,NA,NA,NA,NA,NA,NA,NA,NA,NA,NA,NA,NA,NA,NA,NA,NA,NA,NA,NA,7.19
shower,thunderstorm,NA,NA,NA,NA,NA,NA,NA,NA,NA,NA,NA,NA,NA,NA,NA,NA,NA,NA,NA,NA,NA,NA,NA,NA,NA,NA,NA,NA,NA,NA,NA,NA,NA,NA,NA,NA,NA,NA,NA,NA,NA,NA,NA,NA,NA,NA,NA,NA,NA,NA,6.31
monk,oracle,NA,NA,NA,NA,NA,NA,NA,NA,NA,NA,NA,NA,NA,NA,NA,NA,NA,NA,NA,NA,NA,NA,NA,NA,NA,NA,NA,NA,NA,NA,NA,NA,NA,NA,NA,NA,NA,NA,NA,NA,NA,NA,NA,NA,NA,NA,NA,NA,NA,NA,5.00
cup,food,0.14149521,0.710158,0.75033677,0.75382155,0.75807047,0.7220245,0.7392335,0.727532,0.7137279,0.6657306,0.6704922,0.646473,0.66620946,0.6273513,0.62413615,0.59974796,0.5627254,0.55271256,0.5945499,0.5918889,0.5863899,0.55997264,0.49482167,0.52727914,0.55367446,0.1715813,0.12650199,0.11512099,0.1101488,0.16020133,0.12892741,0.11484705,0.10251725,0.13840038,0.12780152,0.14007857,0.124223426,0.14520407,0.1440472,0.16030496,0.15959953,0.15244702,0.1415965,0.12788603,0.14962776,0.17932141,0.1133896,0.15128067,0.15214306,0.15907773,5.00
journal,association,0.44482,0.8095528,0.8494165,0.8266558,0.8114684,0.8095204,0.8283609,0.77707165,0.7653234,0.7684393,0.771791,0.73706484,0.71366894,0.7218357,0.67889726,0.68614954,0.69052565,0.68102884,0.6610806,0.6634653,0.69550323,0.6595439,0.6636179,0.62354743,0.5857325,0.37754956,0.37030876,0.34089163,0.3018736,0.32942885,0.3265028,0.3193658,0.35932815,0.34528378,0.34378695,0.35193813,0.35433564,0.36140805,0.36577377,0.34833026,0.36154774,0.337413,0.38405412,0.38331014,0.37340355,0.37422282,0.39701107,0.4076599,0.3773867,0.37913173,4.97
street,children,0.07081811,0.66753554,0.7136133,0.7088615,0.6808886,0.6982777,0.6831366,0.65305716,0.6492039,0.62241566,0.59758544,0.621403,0.58926284,0.56491905,0.59847593,0.55019724,0.545347,0.49671727,0.54465723,0.45621747,0.4825596,0.44945455,0.47925186,0.44750834,0.41026467,0.12500735,0.084899925,0.12165963,0.09001515,0.11703406,0.13764657,0.12748854,0.16274863,0.13572545,0.13584994,0.13118385,0.15502828,0.1842176,0.1877056,0.1496306,0.20478806,0.20092757,0.21387063,0.22549121,0.18716262,0.21435533,0.22120836,0.23447663,0.20443746,0.18874422,4.94
car,flight,0.23237467,0.71198976,0.7769568,0.7562533,0.76414233,0.74138725,0.71352184,0.7122244,0.67624927,0.65882814,0.6331509,0.6355693,0.61871326,0.61241066,0.6103678,0.5835576,0.5513352,0.56788194,0.51361877,0.48948318,0.48288268,0.47995764,0.47514448,0.5272402,0.49713486,0.2472174,0.27771622,0.23848826,0.24139962,0.24472755,0.25060695,0.22815584,0.288621,0.27366734,0.2591521,0.29868656,0.29716575,0.23960507,0.263381,0.28236356,0.29084104,0.2673856,0.29197896,0.28570393,0.29459432,0.2937486,0.31181622,0.3177902,0.29770133,0.28367853,4.94
space,chemistry,0.16990511,0.70885444,0.75683594,0.77549565,0.7704251,0.7551049,0.73215604,0.7380425,0.7290745,0.7208247,0.692395,0.679366,0.68353283,0.68054754,0.6587266,0.63039327,0.63764465,0.62897706,0.60401285,0.61019516,0.599122,0.6020479,0.5973562,0.5761968,0.55908716,0.12901245,0.15841228,0.16125882,0.15573527,0.14493933,0.15887988,0.13241276,0.11256124,0.15386719,0.14834726,0.15496185,0.17322034,0.12868449,0.1369948,0.13400227,0.15486237,0.13710819,0.15696326,0.14555389,0.13731065,0.14437142,0.17368495,0.13034163,0.15175895,0.1675608,4.88
situation,conclusion,NA,NA,NA,NA,NA,NA,NA,NA,NA,NA,NA,NA,NA,NA,NA,NA,NA,NA,NA,NA,NA,NA,NA,NA,NA,NA,NA,NA,NA,NA,NA,NA,NA,NA,NA,NA,NA,NA,NA,NA,NA,NA,NA,NA,NA,NA,NA,NA,NA,NA,4.81
word,similarity,NA,NA,NA,NA,NA,NA,NA,NA,NA,NA,NA,NA,NA,NA,NA,NA,NA,NA,NA,NA,NA,NA,NA,NA,NA,NA,NA,NA,NA,NA,NA,NA,NA,NA,NA,NA,NA,NA,NA,NA,NA,NA,NA,NA,NA,NA,NA,NA,NA,NA,4.75
peace,plan,0.27212116,0.6996043,0.7524246,0.7280908,0.7227826,0.7045281,0.6785214,0.67216647,0.6486666,0.61170995,0.578296,0.5941879,0.56310487,0.61189175,0.57800806,0.522631,0.52887326,0.48784435,0.5097525,0.46415874,0.46871698,0.45207047,0.52145976,0.4693429,0.4244416,0.2533129,0.22091818,0.22637197,0.24562049,0.2068042,0.25768954,0.25731397,0.2605204,0.2183015,0.27652544,0.29119706,0.27053925,0.31958768,0.31587517,0.2901555,0.30253503,0.30939972,0.33245367,0.34946555,0.3320014,0.30652773,0.3304546,0.34043896,0.34012657,0.35586944,4.75
consumer,energy,0.27758783,0.75238377,0.79706097,0.77381384,0.78118587,0.7592846,0.72699463,0.74214256,0.69988906,0.6818528,0.6943537,0.67084247,0.6375793,0.64116,0.6662326,0.61515886,0.6143303,0.6226826,0.6053021,0.5789932,0.56888086,0.5250902,0.5957473,0.56818855,0.60513943,0.23108098,0.20443708,0.16617785,0.17504206,0.15509358,0.13940932,0.17546672,0.16732626,0.15983245,0.15326756,0.20219809,0.15220514,0.16988896,0.1735119,0.20273715,0.17605846,0.18444012,0.17872179,0.21332046,0.19900188,0.2094548,0.20158592,0.1895805,0.22533953,0.21334729,4.75
ministry,culture,0.16420388,0.71259665,0.7470914,0.75061595,0.7382217,0.73992676,0.72076154,0.7012503,0.70540094,0.6620313,0.6742325,0.6548592,0.64947975,0.6266066,0.613768,0.6406411,0.62623036,0.61034364,0.6385545,0.5904944,0.573118,0.5408683,0.53339696,0.54850066,0.53921837,0.13698328,0.1526216,0.15285194,0.12875497,0.09148635,0.1242461,0.182183,0.11553432,0.12768893,0.1341199,0.122992314,0.1605266,0.16429506,0.14250994,0.1626328,0.19213626,0.18236539,0.18035945,0.17603439,0.18893877,0.19650325,0.19807035,0.22609119,0.20239863,0.19478235,4.69
smart,student,NA,NA,NA,NA,NA,NA,NA,NA,NA,NA,NA,NA,NA,NA,NA,NA,NA,NA,NA,NA,NA,NA,NA,NA,NA,NA,NA,NA,NA,NA,NA,NA,NA,NA,NA,NA,NA,NA,NA,NA,NA,NA,NA,NA,NA,NA,NA,NA,NA,NA,4.62
investigation,effort,0.30533534,0.71186364,0.71667284,0.66032076,0.66115624,0.63555574,0.6144942,0.5836495,0.54879475,0.46255463,0.4976605,0.43368512,0.43676865,0.40819764,0.46030432,0.37627953,0.3900133,0.3081187,0.389594,0.30821687,0.3147982,0.3234837,0.33480376,0.3645348,0.26602083,0.24438971,0.16976522,0.17461595,0.1837316,0.1807482,0.18555343,0.1560198,0.21181482,0.195957,0.20119622,0.19727618,0.20016009,0.17765138,0.21107751,0.25022268,0.2298838,0.23785391,0.22274643,0.16311765,0.18677226,0.18915972,0.22018716,0.21579784,0.22353801,0.22564085,4.59
image,surface,0.13010025,0.72329,0.7802929,0.7927543,0.79450166,0.77352035,0.7823323,0.76953304,0.75350964,0.7291328,0.73926353,0.71860343,0.7175051,0.71996236,0.7195656,0.6884684,0.7170654,0.69449866,0.6736555,0.68141973,0.65161204,0.68507373,0.67502666,0.62640023,0.61214215,0.13373613,0.10558577,0.13042182,0.1449247,0.15885031,0.17135346,0.17277008,0.18523902,0.17210668,0.18050626,0.21470237,0.20085278,0.20843318,0.2248396,0.22126712,0.20875089,0.22618899,0.2448801,0.24822402,0.25639656,0.23536688,0.25106287,0.2587359,0.24989966,0.28347734,4.56
life,term,0.15261212,0.6744758,0.7450558,0.76399577,0.75609446,0.74430835,0.7374059,0.7229383,0.7018571,0.6872537,0.6718297,0.67144734,0.66509825,0.6682631,0.62202346,0.6566622,0.63148403,0.60250705,0.61379683,0.5873709,0.57490283,0.54672587,0.5747471,0.5771698,0.542441,0.13291225,0.08551716,0.088341966,0.109833196,0.100918755,0.08214381,0.115556754,0.12422312,0.12305515,0.13038003,0.13546503,0.14705655,0.1409867,0.15958919,0.14506166,0.15420808,0.17073426,0.16097245,0.17257258,0.15473254,0.18306369,0.17296125,0.13140717,0.16975898,0.16697863,4.50
start,match,0.22903499,0.70119715,0.7400204,0.70053244,0.70989394,0.6893301,0.67119086,0.6732437,0.6217855,0.57713056,0.5592489,0.55317736,0.6099856,0.51398253,0.5066231,0.48500922,0.4506334,0.47401962,0.44210988,0.47874504,0.4015546,0.4280349,0.4057021,0.4139717,0.3880766,0.23864658,0.2029179,0.19301802,0.20033577,0.19329318,0.21943092,0.20608984,0.2357383,0.2190488,0.22763212,0.20578751,0.24817458,0.2796279,0.23856536,0.31064165,0.24185152,0.26084393,0.2672348,0.2791151,0.25620916,0.31718892,0.28906497,0.2627313,0.3027941,0.30076787,4.47
computer,news,0.090144366,0.70243025,0.76886386,0.77532977,0.7897546,0.77653736,0.78007877,0.7717398,0.7807882,0.76545024,0.753098,0.7367877,0.7473501,0.7321334,0.7094042,0.73222375,0.71091413,0.6899024,0.71809494,0.6948734,0.6868588,0.700647,0.6824175,0.6830418,0.68928945,0.16037497,0.113232315,0.1151627,0.11839266,0.116093345,0.11962364,0.11462029,0.1409831,0.1140064,0.15334329,0.15359543,0.12523624,0.12530696,0.15120432,0.13909215,0.16339828,0.15366498,0.18684581,0.15892655,0.16571215,0.17127435,0.16925207,0.16447142,0.17511491,0.18841085,4.47
board,recommendation,NA,NA,NA,NA,NA,NA,NA,NA,NA,NA,NA,NA,NA,NA,NA,NA,NA,NA,NA,NA,NA,NA,NA,NA,NA,NA,NA,NA,NA,NA,NA,NA,NA,NA,NA,NA,NA,NA,NA,NA,NA,NA,NA,NA,NA,NA,NA,NA,NA,NA,4.47
lad,brother,NA,NA,NA,NA,NA,NA,NA,NA,NA,NA,NA,NA,NA,NA,NA,NA,NA,NA,NA,NA,NA,NA,NA,NA,NA,NA,NA,NA,NA,NA,NA,NA,NA,NA,NA,NA,NA,NA,NA,NA,NA,NA,NA,NA,NA,NA,NA,NA,NA,NA,4.46
observation,architecture,NA,NA,NA,NA,NA,NA,NA,NA,NA,NA,NA,NA,NA,NA,NA,NA,NA,NA,NA,NA,NA,NA,NA,NA,NA,NA,NA,NA,NA,NA,NA,NA,NA,NA,NA,NA,NA,NA,NA,NA,NA,NA,NA,NA,NA,NA,NA,NA,NA,NA,4.38
coast,hill,0.28699365,0.7673813,0.80763483,0.7921773,0.79219633,0.7809731,0.7431896,0.73591316,0.7339761,0.7292686,0.70151675,0.63677746,0.653525,0.63017416,0.6127798,0.602013,0.56907177,0.5786887,0.56319284,0.59205264,0.5031329,0.5062574,0.47988307,0.5606814,0.44747895,0.2743417,0.26820993,0.211323,0.24952616,0.22960618,0.2541011,0.23427615,0.25960928,0.26637268,0.23792975,0.23414548,0.27599433,0.2590514,0.28753886,0.25265354,0.28044742,0.27756917,0.2497314,0.30094814,0.2761115,0.26557517,0.2854358,0.3018783,0.2803086,0.307754,4.38
deployment,departure,NA,NA,NA,NA,NA,NA,NA,NA,NA,NA,NA,NA,NA,NA,NA,NA,NA,NA,NA,NA,NA,NA,NA,NA,NA,NA,NA,NA,NA,NA,NA,NA,NA,NA,NA,NA,NA,NA,NA,NA,NA,NA,NA,NA,NA,NA,NA,NA,NA,NA,4.25
benchmark,index,NA,NA,NA,NA,NA,NA,NA,NA,NA,NA,NA,NA,NA,NA,NA,NA,NA,NA,NA,NA,NA,NA,NA,NA,NA,NA,NA,NA,NA,NA,NA,NA,NA,NA,NA,NA,NA,NA,NA,NA,NA,NA,NA,NA,NA,NA,NA,NA,NA,NA,4.25
attempt,peace,0.16153814,0.66762877,0.71447814,0.7118482,0.6848682,0.66826504,0.6329856,0.6126995,0.6044823,0.5776465,0.5475481,0.56002736,0.51934147,0.4619503,0.44335526,0.49444818,0.45592445,0.3688575,0.40799075,0.40719002,0.40650004,0.3526488,0.3617993,0.4003585,0.3254854,0.1415341,0.124084994,0.094327174,0.14715636,0.12883343,0.15814596,0.1595236,0.18290904,0.19557786,0.18007605,0.17857412,0.16369359,0.18242463,0.21189567,0.23628931,0.21095869,0.2090297,0.21913128,0.20693609,0.23172662,0.24178863,0.21206725,0.251659,0.25206625,0.24993753,4.25
consumer,confidence,NA,NA,NA,NA,NA,NA,NA,NA,NA,NA,NA,NA,NA,NA,NA,NA,NA,NA,NA,NA,NA,NA,NA,NA,NA,NA,NA,NA,NA,NA,NA,NA,NA,NA,NA,NA,NA,NA,NA,NA,NA,NA,NA,NA,NA,NA,NA,NA,NA,NA,4.13
start,year,0.17188774,0.7360106,0.769765,0.7542583,0.7403736,0.7455456,0.71903485,0.69917715,0.67269677,0.6504515,0.6442095,0.6141648,0.6417134,0.59567636,0.55533,0.551396,0.5701598,0.53964317,0.48791865,0.5277441,0.5489157,0.50519353,0.52116334,0.41585004,0.48140287,0.17653805,0.16503091,0.17520218,0.2418673,0.22802038,0.23629248,0.25731897,0.2681868,0.2717233,0.2650613,0.2817132,0.2854172,0.28240654,0.28295746,0.30867505,0.29226765,0.2957111,0.29107416,0.31776845,0.31972227,0.3190956,0.30727857,0.304784,0.32485777,0.29735982,4.06
focus,life,0.102558866,0.65671074,0.69835436,0.7388328,0.7261752,0.6908052,0.6819938,0.65292466,0.6281354,0.61366254,0.5988457,0.5529976,0.55115604,0.53808445,0.49962884,0.5584884,0.49963543,0.52548265,0.5063513,0.48053366,0.45279455,0.43243086,0.45525962,0.40304255,0.4011595,0.11221214,0.09354607,0.11862595,0.13048148,0.115006626,0.12043095,0.12552607,0.14808908,0.15472682,0.18001258,0.18491706,0.18279657,0.16303319,0.21630073,0.19364035,0.18159476,0.21413182,0.2022675,0.19575103,0.22773528,0.23655333,0.22455081,0.23114663,0.24613872,0.2337965,4.06
development,issue,0.14047274,0.6715947,0.725829,0.7248901,0.7192637,0.6638197,0.68655354,0.6511263,0.6213281,0.6076746,0.5916935,0.5580919,0.5612194,0.55583894,0.5065722,0.49740997,0.5408835,0.44120178,0.4749283,0.4255401,0.495032,0.40769964,0.44044942,0.38459787,0.3809815,0.14457196,0.1108364,0.116513446,0.13409881,0.070078954,0.14381742,0.15036148,0.142164,0.1448548,0.1439935,0.15496477,0.1787918,0.19609246,0.17858309,0.18047588,0.18049505,0.164486,0.16293636,0.17661613,0.19672245,0.2166413,0.18287596,0.18865177,0.1707924,0.19926275,3.97
theater,history,NA,NA,NA,NA,NA,NA,NA,NA,NA,NA,NA,NA,NA,NA,NA,NA,NA,NA,NA,NA,NA,NA,NA,NA,NA,NA,NA,NA,NA,NA,NA,NA,NA,NA,NA,NA,NA,NA,NA,NA,NA,NA,NA,NA,NA,NA,NA,NA,NA,NA,3.91
situation,isolation,NA,NA,NA,NA,NA,NA,NA,NA,NA,NA,NA,NA,NA,NA,NA,NA,NA,NA,NA,NA,NA,NA,NA,NA,NA,NA,NA,NA,NA,NA,NA,NA,NA,NA,NA,NA,NA,NA,NA,NA,NA,NA,NA,NA,NA,NA,NA,NA,NA,NA,3.88
profit,warning,NA,NA,NA,NA,NA,NA,NA,NA,NA,NA,NA,NA,NA,NA,NA,NA,NA,NA,NA,NA,NA,NA,NA,NA,NA,NA,NA,NA,NA,NA,NA,NA,NA,NA,NA,NA,NA,NA,NA,NA,NA,NA,NA,NA,NA,NA,NA,NA,NA,NA,3.88
media,trading,0.13748237,0.64467967,0.71751666,0.71226096,0.692803,0.6569638,0.64797014,0.5892056,0.5639051,0.5163561,0.53617007,0.5438193,0.5169722,0.4524964,0.4378842,0.43778548,0.39725682,0.50272816,0.4178518,0.402425,0.4134244,0.36068803,0.27513728,0.333716,0.27204445,0.13635167,0.13370961,0.1325207,0.163329,0.14327385,0.15885395,0.18150827,0.15516663,0.12696764,0.11898649,0.12501624,0.13356724,0.1552202,0.15551499,0.15005428,0.16264188,0.10361467,0.13358366,0.18279114,0.122558266,0.15747336,0.13679963,0.09472732,0.13916045,0.15013385,3.88
chance,credibility,NA,NA,NA,NA,NA,NA,NA,NA,NA,NA,NA,NA,NA,NA,NA,NA,NA,NA,NA,NA,NA,NA,NA,NA,NA,NA,NA,NA,NA,NA,NA,NA,NA,NA,NA,NA,NA,NA,NA,NA,NA,NA,NA,NA,NA,NA,NA,NA,NA,NA,3.88
precedent,information,NA,NA,NA,NA,NA,NA,NA,NA,NA,NA,NA,NA,NA,NA,NA,NA,NA,NA,NA,NA,NA,NA,NA,NA,NA,NA,NA,NA,NA,NA,NA,NA,NA,NA,NA,NA,NA,NA,NA,NA,NA,NA,NA,NA,NA,NA,NA,NA,NA,NA,3.85
architecture,century,0.14425433,0.76539934,0.7896605,0.7974343,0.75282955,0.7364189,0.7353917,0.70093566,0.69715905,0.68378854,0.6634998,0.6430838,0.6028528,0.5969862,0.57349634,0.5566926,0.5165903,0.5555912,0.5066851,0.48589626,0.49731767,0.46957573,0.44730714,0.42714328,0.48739177,0.10711496,0.13168985,0.122063406,0.11952111,0.11649919,0.13585702,0.14482956,0.12059653,0.15125188,0.15317944,0.18026312,0.15412341,0.1556967,0.1430123,0.18960892,0.1593595,0.15711273,0.1672777,0.16902414,0.15197983,0.1582746,0.18728162,0.17224057,0.20091583,0.16330467,3.78
population,development,0.11149005,0.69876295,0.7489601,0.7693279,0.76014096,0.7534019,0.7454497,0.7319554,0.7112119,0.71941906,0.73101914,0.69923854,0.6827917,0.67152774,0.6580894,0.6585673,0.6578275,0.66968155,0.66525245,0.62776214,0.64395595,0.63458234,0.62745064,0.6412817,0.6099781,0.106830075,0.086057864,0.098977074,0.10726109,0.09741454,0.12407378,0.14381364,0.12611628,0.13118322,0.14303666,0.14946553,0.14832082,0.13757052,0.14654584,0.13959408,0.15912263,0.16934443,0.13970628,0.14960247,0.13643794,0.15449592,0.16016117,0.13408095,0.15957254,0.15908286,3.75
stock,live,0.10289701,0.658483,0.6988566,0.65693015,0.68058515,0.66595244,0.6619818,0.63082504,0.5992867,0.5733961,0.56190395,0.544065,0.52055967,0.5196909,0.47528568,0.4333767,0.48583877,0.4869028,0.43475008,0.40271983,0.49145904,0.44020143,0.3983569,0.3869446,0.42510396,0.10366341,0.012791082,0.02702647,0.0097185485,0.0495752,0.050739452,0.07950147,0.087395556,0.08461932,0.0626046,0.087552235,0.11804187,0.12853487,0.09519238,0.09272854,0.10197092,0.11076283,0.10899353,0.109035976,0.12435882,0.13816066,0.11321223,0.1661236,0.15662627,0.17911828,3.73
peace,atmosphere,0.026177628,0.6597485,0.7210982,0.71083874,0.6797995,0.6380679,0.6107259,0.6183423,0.5875039,0.57726854,0.5991714,0.540928,0.5485538,0.5429263,0.4487985,0.45802504,0.46034396,0.42670542,0.4507944,0.43078882,0.41862333,0.3602241,0.45254323,0.39202887,0.33385986,0.092126414,0.050191455,0.013042914,0.013579829,0.04600969,0.05095826,0.06271179,0.066786245,0.09856631,0.062088694,0.065540716,0.12883393,0.12664485,0.13987279,0.103324056,0.070650965,0.12329939,0.0885243,0.079987645,0.100394756,0.13274272,0.119424924,0.14536743,0.101232834,0.10512559,3.69
morality,marriage,NA,NA,NA,NA,NA,NA,NA,NA,NA,NA,NA,NA,NA,NA,NA,NA,NA,NA,NA,NA,NA,NA,NA,NA,NA,NA,NA,NA,NA,NA,NA,NA,NA,NA,NA,NA,NA,NA,NA,NA,NA,NA,NA,NA,NA,NA,NA,NA,NA,NA,3.69
minority,peace,0.05494605,0.62456393,0.689342,0.67586154,0.64332676,0.6387322,0.61188865,0.57494247,0.57864153,0.5745198,0.6168441,0.5315682,0.5755113,0.5129258,0.49382943,0.4725659,0.47707626,0.4598964,0.430408,0.48718596,0.45546344,0.37176102,0.39792597,0.3089897,0.3967092,0.039083,0.017462965,0.049501244,0.060617983,0.11780481,0.12391503,0.1525917,0.14032127,0.19021577,0.16508609,0.14607997,0.1910573,0.20508647,0.17324692,0.22453019,0.18372166,0.1715014,0.21018703,0.20144746,0.17501903,0.2114465,0.20360592,0.23229738,0.2315984,0.1954056,3.69
atmosphere,landscape,NA,NA,NA,NA,NA,NA,NA,NA,NA,NA,NA,NA,NA,NA,NA,NA,NA,NA,NA,NA,NA,NA,NA,NA,NA,NA,NA,NA,NA,NA,NA,NA,NA,NA,NA,NA,NA,NA,NA,NA,NA,NA,NA,NA,NA,NA,NA,NA,NA,NA,3.69
report,gain,0.08427311,0.6751117,0.7217896,0.70451903,0.70647395,0.6588509,0.6550641,0.60705507,0.57167965,0.6028697,0.5324334,0.5642784,0.51860243,0.4758922,0.4787699,0.4814192,0.44777876,0.46032226,0.43062282,0.41851196,0.3937788,0.37310368,0.4410465,0.35593283,0.33701152,0.08465403,0.054966934,0.040707216,0.08116449,0.063789755,0.03874252,0.044991557,0.08578804,0.055706136,0.079805925,0.05775006,0.060018547,0.0760224,0.07763998,0.07489084,0.05935424,0.058570933,0.07139266,0.09487167,0.07490982,0.10034443,0.075031355,0.100222036,0.105453685,0.13977605,3.63
music,project,0.008927969,0.660153,0.7419406,0.76818204,0.78059596,0.75926507,0.7623422,0.7471194,0.75892603,0.75576264,0.74373055,0.7185799,0.7254426,0.6997725,0.70969605,0.7015207,0.66633403,0.67582506,0.6688817,0.63772845,0.63716483,0.6338545,0.64829314,0.6108426,0.6198135,0.1062109,0.07749875,0.09523889,0.099605955,0.112973556,0.11148049,0.12050082,0.13343427,0.13827488,0.11865247,0.12904271,0.14500731,0.14897864,0.1531913,0.19086449,0.1654946,0.17531237,0.15358847,0.1731115,0.1841282,0.16863233,0.18714252,0.17339888,0.17281064,0.18733464,3.63
seven,series,0.12844074,0.804499,0.85067225,0.8522497,0.85548913,0.8439988,0.8400942,0.8437487,0.8309156,0.82562137,0.82535315,0.82289255,0.8036428,0.8049208,0.81480473,0.7997464,0.79944026,0.7736156,0.77547973,0.7654218,0.7516699,0.7683961,0.7476222,0.75011355,0.73661333,0.16831717,0.17213184,0.20687723,0.2181314,0.23941572,0.2603419,0.29751152,0.28126502,0.29906476,0.29348737,0.30401736,0.31715345,0.31476963,0.3219258,0.30177116,0.30190518,0.31945395,0.33350426,0.33269274,0.32773876,0.3352287,0.34167802,0.3224913,0.32891038,0.34126648,3.56
experience,music,0.14188725,0.7299634,0.77937025,0.8009131,0.77564394,0.7504761,0.7519555,0.7431991,0.7149221,0.703007,0.70147085,0.6814806,0.69177663,0.6587654,0.66665035,0.6234608,0.6133028,0.56820107,0.62245595,0.6036283,0.59072566,0.5960178,0.5665982,0.5674764,0.49801683,0.15040164,0.10102132,0.07954723,0.08010787,0.11146217,0.10933876,0.11897347,0.099506885,0.097231075,0.10844152,0.13218644,0.13169435,0.15104595,0.1820499,0.13590282,0.15989481,0.14484936,0.16415653,0.1694467,0.18911563,0.18775243,0.18620726,0.1728617,0.18612412,0.19946995,3.47
school,center,0.18118379,0.6832732,0.7289213,0.75014186,0.751276,0.7468905,0.7521166,0.7441406,0.7105793,0.7107534,0.7071072,0.6872144,0.6682426,0.6859208,0.6732553,0.67019117,0.6711967,0.65054786,0.6514547,0.6355501,0.63839257,0.630968,0.6305295,0.5907497,0.5681267,0.14219046,0.17208835,0.15702234,0.1802874,0.18757057,0.17922863,0.20976834,0.2021417,0.21088065,0.2057342,0.22968546,0.21993402,0.24334303,0.23608741,0.24051803,0.23331189,0.24491075,0.25466615,0.24447434,0.24715528,0.24774364,0.22192496,0.25829175,0.26192808,0.25396293,3.44
five,month,0.20095819,0.795312,0.81411767,0.80146664,0.8126069,0.7880248,0.7722826,0.77203786,0.7669634,0.75422823,0.7392957,0.73052436,0.7373533,0.73705673,0.70325327,0.717243,0.7340375,0.6873121,0.6792476,0.69047916,0.7013409,0.6558932,0.6582567,0.63574886,0.6918392,0.23158437,0.26401973,0.24700892,0.23306996,0.27017435,0.26769418,0.2718526,0.2592324,0.2372522,0.26549286,0.2615612,0.2503319,0.26412845,0.27802658,0.2740656,0.27785707,0.2657107,0.2851859,0.2580797,0.28310335,0.28959996,0.28863907,0.25897413,0.2897034,0.28532463,3.38
announcement,production,NA,NA,NA,NA,NA,NA,NA,NA,NA,NA,NA,NA,NA,NA,NA,NA,NA,NA,NA,NA,NA,NA,NA,NA,NA,NA,NA,NA,NA,NA,NA,NA,NA,NA,NA,NA,NA,NA,NA,NA,NA,NA,NA,NA,NA,NA,NA,NA,NA,NA,3.38
morality,importance,NA,NA,NA,NA,NA,NA,NA,NA,NA,NA,NA,NA,NA,NA,NA,NA,NA,NA,NA,NA,NA,NA,NA,NA,NA,NA,NA,NA,NA,NA,NA,NA,NA,NA,NA,NA,NA,NA,NA,NA,NA,NA,NA,NA,NA,NA,NA,NA,NA,NA,3.31
money,operation,0.02379053,0.62503934,0.6910496,0.69044626,0.6932564,0.64016724,0.6455182,0.62638265,0.6118517,0.6036568,0.55884767,0.54274845,0.49708688,0.50895476,0.47412026,0.48315185,0.45267296,0.4082337,0.46486622,0.4393438,0.4291331,0.4023717,0.40230256,0.39620757,0.4134767,0.046370205,0.007976434,-0.010093219,0.0046676137,0.038895488,0.03390033,0.03346343,0.050399907,0.046867475,0.021573015,0.0499611,0.058571592,0.105514355,0.03400349,0.066315815,0.075119026,0.048879977,0.043114726,0.086632945,0.0744065,0.11440463,0.06711197,0.105821095,0.11215523,0.081818275,3.31
delay,news,NA,NA,NA,NA,NA,NA,NA,NA,NA,NA,NA,NA,NA,NA,NA,NA,NA,NA,NA,NA,NA,NA,NA,NA,NA,NA,NA,NA,NA,NA,NA,NA,NA,NA,NA,NA,NA,NA,NA,NA,NA,NA,NA,NA,NA,NA,NA,NA,NA,NA,3.31
governor,interview,0.030445408,0.6578665,0.6578064,0.67191887,0.6384451,0.6197965,0.56567967,0.57645464,0.5516653,0.52149475,0.54426223,0.49843252,0.45454264,0.47324228,0.45864427,0.39730352,0.41625378,0.39387456,0.3808828,0.37799507,0.3894875,0.37750363,0.4127766,0.3675291,0.3056244,0.08460197,0.024072148,0.100676395,0.08190581,0.117347665,0.11946042,0.071550734,0.11278501,0.11734244,0.09805708,0.10174079,0.10488018,0.10797553,0.11926499,0.081939034,0.10741621,0.093089156,0.13018657,0.11615197,0.12496665,0.12417152,0.121499665,0.12841201,0.12067872,0.13204944,3.25
practice,institution,0.3359441,0.7571658,0.7541273,0.7311609,0.71707934,0.7041886,0.6307528,0.61081576,0.5703851,0.54136497,0.5244036,0.51744497,0.4844743,0.51667345,0.3969978,0.46713504,0.38953906,0.38810474,0.37893787,0.4222944,0.44167963,0.40008247,0.34096384,0.33577493,0.2748028,0.2879269,0.2328378,0.2183454,0.21426924,0.19878277,0.21626887,0.22516707,0.22998905,0.2298998,0.24475005,0.25297478,0.2964064,0.30206606,0.28737065,0.2873913,0.27839297,0.31868201,0.3090335,0.29362082,0.3196065,0.3219176,0.3448783,0.3165053,0.32621664,0.32690468,3.19
century,nation,0.19484058,0.71611464,0.7608141,0.7553524,0.74433327,0.7192504,0.70430106,0.6576765,0.6509848,0.6274215,0.612406,0.6096642,0.51659894,0.5389139,0.5306167,0.50454915,0.4767543,0.462779,0.4865458,0.44791847,0.43366772,0.42582387,0.4145308,0.37034243,0.37185347,0.15785447,0.1252296,0.14970943,0.11922981,0.15743001,0.16696623,0.17308791,0.18529212,0.20903626,0.21077657,0.19576016,0.21429361,0.2250336,0.21633181,0.22537036,0.25435793,0.24142276,0.2765693,0.23442897,0.24320811,0.24256903,0.27544978,0.23795724,0.25381026,0.27480662,3.16
coast,forest,0.38394037,0.7683706,0.7966082,0.7962049,0.75506276,0.7638337,0.7156367,0.73257536,0.69618714,0.70606667,0.66089374,0.6741124,0.65737724,0.6234305,0.57364196,0.6229112,0.555737,0.57278883,0.5727345,0.5809115,0.53743553,0.54049504,0.4949491,0.54153246,0.4732779,0.3570736,0.30695325,0.2990647,0.28062695,0.23470995,0.2521124,0.22313254,0.24480185,0.2634126,0.22510953,0.25811332,0.2576843,0.23768468,0.24838369,0.27970672,0.30008703,0.2684158,0.28279784,0.23987943,0.29347634,0.30284357,0.32874814,0.28542477,0.29344717,0.33707577,3.15
shore,woodland,NA,NA,NA,NA,NA,NA,NA,NA,NA,NA,NA,NA,NA,NA,NA,NA,NA,NA,NA,NA,NA,NA,NA,NA,NA,NA,NA,NA,NA,NA,NA,NA,NA,NA,NA,NA,NA,NA,NA,NA,NA,NA,NA,NA,NA,NA,NA,NA,NA,NA,3.08
drink,car,0.20549637,0.71125674,0.72937006,0.67706776,0.6666577,0.6785069,0.61021423,0.58569527,0.5928127,0.5319316,0.51696724,0.51598585,0.5186504,0.4436614,0.4146325,0.35599592,0.37894288,0.3326813,0.33394802,0.3580744,0.37714928,0.34967077,0.25498945,0.32118762,0.34286574,0.24143405,0.23891792,0.2270995,0.19048762,0.15092303,0.18366942,0.16907278,0.22443494,0.18289101,0.16551128,0.16960688,0.16823424,0.17383851,0.19071104,0.15740016,0.16131896,0.18464772,0.21665832,0.18885985,0.19407412,0.18261336,0.18692845,0.18907633,0.19699124,0.2101255,3.04
president,medal,0.123367086,0.6529933,0.6975475,0.6762382,0.6661228,0.6664827,0.63676685,0.6165074,0.6267562,0.5918244,0.6038029,0.5900316,0.6046713,0.5568856,0.54473436,0.56543833,0.553143,0.51853156,0.53255975,0.51679647,0.50228286,0.51041025,0.5364324,0.5115329,0.5065649,0.192942,0.19533846,0.21440007,0.23647453,0.21733522,0.23190308,0.22454312,0.22605614,0.23159929,0.25172353,0.23482974,0.22077703,0.24154943,0.24448645,0.24759907,0.21258172,0.20877138,0.23254277,0.24312481,0.24845241,0.21837561,0.21520409,0.20594035,0.20890224,0.21113998,3.00
prejudice,recognition,NA,NA,NA,NA,NA,NA,NA,NA,NA,NA,NA,NA,NA,NA,NA,NA,NA,NA,NA,NA,NA,NA,NA,NA,NA,NA,NA,NA,NA,NA,NA,NA,NA,NA,NA,NA,NA,NA,NA,NA,NA,NA,NA,NA,NA,NA,NA,NA,NA,NA,3.00
viewer,serial,NA,NA,NA,NA,NA,NA,NA,NA,NA,NA,NA,NA,NA,NA,NA,NA,NA,NA,NA,NA,NA,NA,NA,NA,NA,NA,NA,NA,NA,NA,NA,NA,NA,NA,NA,NA,NA,NA,NA,NA,NA,NA,NA,NA,NA,NA,NA,NA,NA,NA,2.97
peace,insurance,0.08399166,0.6097935,0.6284106,0.6475295,0.6194321,0.5650672,0.5407951,0.5668324,0.51839304,0.48513737,0.4849864,0.43592447,0.44442886,0.43577904,0.3896351,0.43681887,0.40803033,0.38382,0.35572192,0.24551757,0.2829524,0.35669845,0.26842868,0.27176303,0.29018036,0.058736846,0.0011056066,0.033961736,0.029092662,0.028545126,0.04013308,0.023809437,0.07594152,0.039337512,0.06277603,0.048102852,0.12844196,0.07349039,0.10215413,0.07686441,0.0751248,0.14568366,0.09360633,0.114755176,0.12781776,0.08188285,0.10785663,0.06532054,0.100087285,0.09822188,2.94
Mars,water,NA,NA,NA,NA,NA,NA,NA,NA,NA,NA,NA,NA,NA,NA,NA,NA,NA,NA,NA,NA,NA,NA,NA,NA,NA,NA,NA,NA,NA,NA,NA,NA,NA,NA,NA,NA,NA,NA,NA,NA,NA,NA,NA,NA,NA,NA,NA,NA,NA,NA,2.94
media,gain,0.120387435,0.7202492,0.75279665,0.7349185,0.7513449,0.7112246,0.7067667,0.65189075,0.6333978,0.6295306,0.5965831,0.58927184,0.6012095,0.5881653,0.51889753,0.52802885,0.49914187,0.5070736,0.51735723,0.5263474,0.4819511,0.43632525,0.4755743,0.4563805,0.4623785,0.13780577,0.1519802,0.18573312,0.15611042,0.1535638,0.17897387,0.1766076,0.17390475,0.15616271,0.18110448,0.21317354,0.15365745,0.19886193,0.19931816,0.22006735,0.17360015,0.19868132,0.21065745,0.18904757,0.20177576,0.20407335,0.21375573,0.19522938,0.21579054,0.24247417,2.88
precedent,cognition,NA,NA,NA,NA,NA,NA,NA,NA,NA,NA,NA,NA,NA,NA,NA,NA,NA,NA,NA,NA,NA,NA,NA,NA,NA,NA,NA,NA,NA,NA,NA,NA,NA,NA,NA,NA,NA,NA,NA,NA,NA,NA,NA,NA,NA,NA,NA,NA,NA,NA,2.81
announcement,effort,NA,NA,NA,NA,NA,NA,NA,NA,NA,NA,NA,NA,NA,NA,NA,NA,NA,NA,NA,NA,NA,NA,NA,NA,NA,NA,NA,NA,NA,NA,NA,NA,NA,NA,NA,NA,NA,NA,NA,NA,NA,NA,NA,NA,NA,NA,NA,NA,NA,NA,2.75
line,insurance,0.018339228,0.632277,0.6706757,0.6674234,0.6760438,0.60711503,0.61354434,0.60703176,0.5655941,0.5530421,0.5353451,0.4906841,0.5168404,0.49065086,0.49309772,0.50278866,0.49733162,0.47623718,0.42164832,0.37368566,0.39898396,0.3545968,0.36280203,0.40328604,0.39236695,0.052539043,0.03780314,0.035939936,0.0078592785,0.01609774,0.029524604,0.038225655,0.021973316,0.035041332,0.034829706,0.056456193,0.043195106,0.08252574,0.06880966,0.06709491,0.063435346,0.059899867,0.040361606,0.057559993,0.07752174,0.04920373,0.076695405,0.056482516,0.03875694,0.07249919,2.69
crane,implement,NA,NA,NA,NA,NA,NA,NA,NA,NA,NA,NA,NA,NA,NA,NA,NA,NA,NA,NA,NA,NA,NA,NA,NA,NA,NA,NA,NA,NA,NA,NA,NA,NA,NA,NA,NA,NA,NA,NA,NA,NA,NA,NA,NA,NA,NA,NA,NA,NA,NA,2.69
drink,mother,0.28792444,0.75262535,0.77349603,0.74516165,0.7081531,0.69235003,0.63405377,0.6448071,0.6259265,0.5695685,0.5954087,0.5676023,0.5341898,0.45539322,0.45286775,0.39251375,0.4352759,0.37022692,0.4138027,0.39176393,0.39229354,0.34634015,0.3183537,0.34174332,0.32842162,0.24990353,0.20256406,0.20759603,0.19694549,0.23324318,0.21351488,0.22331552,0.22782487,0.23895659,0.23064193,0.20656432,0.28272682,0.25543964,0.21768743,0.2102556,0.26542705,0.2530082,0.27906322,0.23368898,0.26377767,0.24512333,0.25661653,0.25097102,0.25335348,0.27277002,2.65
opera,industry,0.1572392,0.6839003,0.70833206,0.70912755,0.7102725,0.6644528,0.67085767,0.6533874,0.6299853,0.6041579,0.5974117,0.5723306,0.5191722,0.5602244,0.52404493,0.49628067,0.48198166,0.4338381,0.44231328,0.47339666,0.43038446,0.38974893,0.36896366,0.37644482,0.41241783,0.0916392,0.08337127,0.11227167,0.060988784,0.09622325,0.0655315,0.09299337,0.067021675,0.095131055,0.10498189,0.13271284,0.09232326,0.08867596,0.11355675,0.10116618,0.13330895,0.14703998,0.11319055,0.0983729,0.115518734,0.14162526,0.14787371,0.12524186,0.13867962,0.14660504,2.63
volunteer,motto,NA,NA,NA,NA,NA,NA,NA,NA,NA,NA,NA,NA,NA,NA,NA,NA,NA,NA,NA,NA,NA,NA,NA,NA,NA,NA,NA,NA,NA,NA,NA,NA,NA,NA,NA,NA,NA,NA,NA,NA,NA,NA,NA,NA,NA,NA,NA,NA,NA,NA,2.56
listing,proximity,NA,NA,NA,NA,NA,NA,NA,NA,NA,NA,NA,NA,NA,NA,NA,NA,NA,NA,NA,NA,NA,NA,NA,NA,NA,NA,NA,NA,NA,NA,NA,NA,NA,NA,NA,NA,NA,NA,NA,NA,NA,NA,NA,NA,NA,NA,NA,NA,NA,NA,2.56
precedent,collection,NA,NA,NA,NA,NA,NA,NA,NA,NA,NA,NA,NA,NA,NA,NA,NA,NA,NA,NA,NA,NA,NA,NA,NA,NA,NA,NA,NA,NA,NA,NA,NA,NA,NA,NA,NA,NA,NA,NA,NA,NA,NA,NA,NA,NA,NA,NA,NA,NA,NA,2.50
cup,article,0.04952348,0.704517,0.760499,0.74413157,0.75466436,0.715683,0.7249771,0.69606614,0.69268453,0.6484517,0.6525245,0.6119319,0.62143207,0.5905708,0.59815514,0.59146285,0.54305744,0.54961586,0.5478328,0.60029656,0.55730915,0.49372205,0.5251089,0.46178427,0.4933312,0.08882679,0.062006682,0.016162984,0.05099685,0.022121303,0.009511608,0.0052979067,0.024819525,0.030699117,0.015653048,0.07504156,0.014955362,0.056754313,0.03415921,0.08663404,0.05074779,0.06756987,0.07404059,0.06551521,0.08471528,0.051261444,0.08548039,0.073095694,0.07269955,0.07831506,2.40
sign,recess,NA,NA,NA,NA,NA,NA,NA,NA,NA,NA,NA,NA,NA,NA,NA,NA,NA,NA,NA,NA,NA,NA,NA,NA,NA,NA,NA,NA,NA,NA,NA,NA,NA,NA,NA,NA,NA,NA,NA,NA,NA,NA,NA,NA,NA,NA,NA,NA,NA,NA,2.38
problem,airport,0.03759815,0.72939587,0.75965333,0.73935694,0.7315724,0.7509656,0.70453906,0.69160044,0.692744,0.68520033,0.67427737,0.6607076,0.621398,0.61888236,0.58646095,0.6020194,0.59406674,0.575227,0.56879246,0.5716716,0.550845,0.55304146,0.53945494,0.52831256,0.5102417,0.08756702,0.07041648,0.09185464,0.04280746,0.054288696,0.06915709,0.06604808,0.10898821,0.10476886,0.09680176,0.10727814,0.10683325,0.12153085,0.12769239,0.12340293,0.12659705,0.14499801,0.13048485,0.14284344,0.15576798,0.13217942,0.15252861,0.15019624,0.16725335,0.14122665,2.38
reason,hypertension,NA,NA,NA,NA,NA,NA,NA,NA,NA,NA,NA,NA,NA,NA,NA,NA,NA,NA,NA,NA,NA,NA,NA,NA,NA,NA,NA,NA,NA,NA,NA,NA,NA,NA,NA,NA,NA,NA,NA,NA,NA,NA,NA,NA,NA,NA,NA,NA,NA,NA,2.31
direction,combination,0.14683652,0.67124355,0.713943,0.71131325,0.7165681,0.69231725,0.63149095,0.6183447,0.6154317,0.6473756,0.5995153,0.5786905,0.5817972,0.51722574,0.55099446,0.5188241,0.5238291,0.5207205,0.48065898,0.48964113,0.48305565,0.44457027,0.4596395,0.47629625,0.437172,0.1292416,0.059106104,0.031202532,0.018263733,0.041956544,0.03915079,-0.011627682,0.080135316,0.006127801,0.043472596,0.07431147,0.10058676,0.047133733,0.0819535,0.05634604,0.07598135,0.107371,0.10803354,0.08130993,0.15057603,0.1222015,0.14223856,0.10305342,0.1265429,0.13272713,2.25
Wednesday,news,NA,NA,NA,NA,NA,NA,NA,NA,NA,NA,NA,NA,NA,NA,NA,NA,NA,NA,NA,NA,NA,NA,NA,NA,NA,NA,NA,NA,NA,NA,NA,NA,NA,NA,NA,NA,NA,NA,NA,NA,NA,NA,NA,NA,NA,NA,NA,NA,NA,NA,2.22
glass,magician,NA,NA,NA,NA,NA,NA,NA,NA,NA,NA,NA,NA,NA,NA,NA,NA,NA,NA,NA,NA,NA,NA,NA,NA,NA,NA,NA,NA,NA,NA,NA,NA,NA,NA,NA,NA,NA,NA,NA,NA,NA,NA,NA,NA,NA,NA,NA,NA,NA,NA,2.08
cemetery,woodland,NA,NA,NA,NA,NA,NA,NA,NA,NA,NA,NA,NA,NA,NA,NA,NA,NA,NA,NA,NA,NA,NA,NA,NA,NA,NA,NA,NA,NA,NA,NA,NA,NA,NA,NA,NA,NA,NA,NA,NA,NA,NA,NA,NA,NA,NA,NA,NA,NA,NA,2.08
possibility,girl,-0.020236848,0.6722991,0.6772992,0.6897762,0.6501556,0.57918894,0.5510837,0.5194309,0.47916344,0.495034,0.48629463,0.42621732,0.40707892,0.38077646,0.35920775,0.3919334,0.2876373,0.3376,0.18778391,0.31594062,0.28393728,0.32315218,0.30182284,0.31238645,0.1866509,0.013011228,0.012088176,0.04332289,0.026240315,0.03411128,0.03382513,0.032610808,0.04930165,0.05704295,0.057026684,0.0974597,0.10262799,0.11160369,0.08124497,0.054822512,0.10054481,0.07927575,0.10711323,0.07753271,0.08826426,0.13466614,0.11665968,0.12134987,0.09728325,0.093470655,1.94
cup,substance,0.1300438,0.74520296,0.77155846,0.7746238,0.75977635,0.73104197,0.7266053,0.6672554,0.71558726,0.662807,0.62311333,0.62195843,0.56304955,0.63178843,0.60166967,0.58370125,0.536049,0.5690782,0.50522536,0.53057516,0.5309601,0.47165582,0.47909224,0.5290986,0.54363906,0.11688098,0.11095679,0.07587913,0.09953776,0.048125774,0.106526375,0.11943892,0.10903089,0.07507813,0.095149875,0.065432906,0.1106248,0.12385653,0.10031269,0.114456326,0.13504785,0.13541542,0.13648145,0.1426629,0.16410995,0.093041174,0.15905845,0.14427145,0.1278026,0.14629361,1.92
forest,graveyard,NA,NA,NA,NA,NA,NA,NA,NA,NA,NA,NA,NA,NA,NA,NA,NA,NA,NA,NA,NA,NA,NA,NA,NA,NA,NA,NA,NA,NA,NA,NA,NA,NA,NA,NA,NA,NA,NA,NA,NA,NA,NA,NA,NA,NA,NA,NA,NA,NA,NA,1.85
stock,egg,NA,NA,NA,NA,NA,NA,NA,NA,NA,NA,NA,NA,NA,NA,NA,NA,NA,NA,NA,NA,NA,NA,NA,NA,NA,NA,NA,NA,NA,NA,NA,NA,NA,NA,NA,NA,NA,NA,NA,NA,NA,NA,NA,NA,NA,NA,NA,NA,NA,NA,1.81
month,hotel,0.20590848,0.6921097,0.71414006,0.6915575,0.6576144,0.6433075,0.6409267,0.6100447,0.6029051,0.51953566,0.52713877,0.57431924,0.4982711,0.49912432,0.45440853,0.56070226,0.4456494,0.4260306,0.39781767,0.41321027,0.39355227,0.40993413,0.40704694,0.37327287,0.4061885,0.1883086,0.13765804,0.1115655,0.07491127,0.06297381,0.12232847,0.13007537,0.0916624,0.06485629,0.07499747,0.11846352,0.0858553,0.13973778,0.09250599,0.10449583,0.12860948,0.1345105,0.11578508,0.12479432,0.11773197,0.16511716,0.18432344,0.1283028,0.13736616,0.14135337,1.81
energy,secretary,0.14919567,0.6998415,0.74240375,0.75191593,0.72869265,0.72994787,0.7061844,0.6915754,0.6632085,0.68510073,0.67716664,0.6280093,0.6366348,0.6148035,0.6061668,0.59284425,0.5928651,0.6156899,0.5949368,0.5693841,0.5680045,0.5843557,0.5584683,0.5260065,0.53689694,0.10882814,0.10589026,0.10720311,0.114125386,0.13815878,0.11019054,0.14459117,0.15097672,0.10340746,0.1657477,0.17237562,0.17275897,0.1630843,0.18825048,0.1620639,0.14973627,0.1860778,0.18667504,0.17913716,0.23020798,0.21125588,0.2066532,0.2099221,0.20073298,0.18677637,1.81
precedent,group,NA,NA,NA,NA,NA,NA,NA,NA,NA,NA,NA,NA,NA,NA,NA,NA,NA,NA,NA,NA,NA,NA,NA,NA,NA,NA,NA,NA,NA,NA,NA,NA,NA,NA,NA,NA,NA,NA,NA,NA,NA,NA,NA,NA,NA,NA,NA,NA,NA,NA,1.77
production,hike,NA,NA,NA,NA,NA,NA,NA,NA,NA,NA,NA,NA,NA,NA,NA,NA,NA,NA,NA,NA,NA,NA,NA,NA,NA,NA,NA,NA,NA,NA,NA,NA,NA,NA,NA,NA,NA,NA,NA,NA,NA,NA,NA,NA,NA,NA,NA,NA,NA,NA,1.75
stock,phone,NA,NA,NA,NA,NA,NA,NA,NA,NA,NA,NA,NA,NA,NA,NA,NA,NA,NA,NA,NA,NA,NA,NA,NA,NA,NA,NA,NA,NA,NA,NA,NA,NA,NA,NA,NA,NA,NA,NA,NA,NA,NA,NA,NA,NA,NA,NA,NA,NA,NA,1.62
holy,sex,0.082144625,0.6963221,0.7440298,0.70737445,0.7112172,0.72075343,0.6847202,0.67331064,0.66838413,0.6286216,0.63749623,0.60261583,0.61507654,0.57011664,0.5532601,0.5680516,0.54683024,0.53786206,0.5526812,0.52501416,0.49352074,0.5068533,0.48148906,0.4972778,0.44738936,0.023993623,0.06433104,0.02291129,0.0685146,0.017100183,0.037438244,0.041961554,0.052849203,0.06272504,0.058238894,0.09189133,0.036398582,0.11516456,0.0964008,0.083416216,0.09400891,0.105991125,0.09328647,0.101604074,0.11728747,0.1109109,0.08841431,0.12236396,0.10510977,0.10908343,1.62
stock,CD,NA,NA,NA,NA,NA,NA,NA,NA,NA,NA,NA,NA,NA,NA,NA,NA,NA,NA,NA,NA,NA,NA,NA,NA,NA,NA,NA,NA,NA,NA,NA,NA,NA,NA,NA,NA,NA,NA,NA,NA,NA,NA,NA,NA,NA,NA,NA,NA,NA,NA,1.31
drink,ear,NA,NA,NA,NA,NA,NA,NA,NA,NA,NA,NA,NA,NA,NA,NA,NA,NA,NA,NA,NA,NA,NA,NA,NA,NA,NA,NA,NA,NA,NA,NA,NA,NA,NA,NA,NA,NA,NA,NA,NA,NA,NA,NA,NA,NA,NA,NA,NA,NA,NA,1.31
delay,racism,NA,NA,NA,NA,NA,NA,NA,NA,NA,NA,NA,NA,NA,NA,NA,NA,NA,NA,NA,NA,NA,NA,NA,NA,NA,NA,NA,NA,NA,NA,NA,NA,NA,NA,NA,NA,NA,NA,NA,NA,NA,NA,NA,NA,NA,NA,NA,NA,NA,NA,1.19
stock,life,0.09073652,0.63148546,0.70952797,0.70754945,0.7119378,0.68550956,0.69292974,0.6591632,0.6531709,0.60980546,0.600028,0.5882436,0.59035933,0.55915844,0.52041304,0.5308781,0.5503673,0.5270248,0.5093199,0.4795689,0.504576,0.44274455,0.39693883,0.47096926,0.43069613,0.16192348,0.085643575,0.087764084,0.06721036,0.037358645,0.074485675,0.093890965,0.06471342,0.090324834,0.061444234,0.096316084,0.115728974,0.09761006,0.103397146,0.11838632,0.084454976,0.12047272,0.11350419,0.09446524,0.10079971,0.1101811,0.11925648,0.1039631,0.1505253,0.093152486,0.92
stock,jaguar,NA,NA,NA,NA,NA,NA,NA,NA,NA,NA,NA,NA,NA,NA,NA,NA,NA,NA,NA,NA,NA,NA,NA,NA,NA,NA,NA,NA,NA,NA,NA,NA,NA,NA,NA,NA,NA,NA,NA,NA,NA,NA,NA,NA,NA,NA,NA,NA,NA,NA,0.92
monk,slave,NA,NA,NA,NA,NA,NA,NA,NA,NA,NA,NA,NA,NA,NA,NA,NA,NA,NA,NA,NA,NA,NA,NA,NA,NA,NA,NA,NA,NA,NA,NA,NA,NA,NA,NA,NA,NA,NA,NA,NA,NA,NA,NA,NA,NA,NA,NA,NA,NA,NA,0.92
lad,wizard,NA,NA,NA,NA,NA,NA,NA,NA,NA,NA,NA,NA,NA,NA,NA,NA,NA,NA,NA,NA,NA,NA,NA,NA,NA,NA,NA,NA,NA,NA,NA,NA,NA,NA,NA,NA,NA,NA,NA,NA,NA,NA,NA,NA,NA,NA,NA,NA,NA,NA,0.92
sugar,approach,0.031219436,0.70443845,0.73203504,0.71601886,0.71507657,0.7074705,0.65512544,0.6123973,0.6036978,0.57381,0.5646242,0.5374212,0.491881,0.5206144,0.5214842,0.49201328,0.46072286,0.41675964,0.4431773,0.43482426,0.40449628,0.3796904,0.33493334,0.35036278,0.36776048,0.051879738,0.045764014,0.029379632,0.030388396,0.039212693,0.01467306,0.037484843,0.078400165,0.04908239,0.018265698,0.05420351,0.04373322,0.061901603,0.0572087,0.02669404,0.058507226,0.031906433,0.051751237,0.062268615,0.050742343,0.06738018,0.034266822,0.039284576,0.02605481,0.030848363,0.88
rooster,voyage,NA,NA,NA,NA,NA,NA,NA,NA,NA,NA,NA,NA,NA,NA,NA,NA,NA,NA,NA,NA,NA,NA,NA,NA,NA,NA,NA,NA,NA,NA,NA,NA,NA,NA,NA,NA,NA,NA,NA,NA,NA,NA,NA,NA,NA,NA,NA,NA,NA,NA,0.62
noon,string,NA,NA,NA,NA,NA,NA,NA,NA,NA,NA,NA,NA,NA,NA,NA,NA,NA,NA,NA,NA,NA,NA,NA,NA,NA,NA,NA,NA,NA,NA,NA,NA,NA,NA,NA,NA,NA,NA,NA,NA,NA,NA,NA,NA,NA,NA,NA,NA,NA,NA,0.54
chord,smile,NA,NA,NA,NA,NA,NA,NA,NA,NA,NA,NA,NA,NA,NA,NA,NA,NA,NA,NA,NA,NA,NA,NA,NA,NA,NA,NA,NA,NA,NA,NA,NA,NA,NA,NA,NA,NA,NA,NA,NA,NA,NA,NA,NA,NA,NA,NA,NA,NA,NA,0.54
professor,cucumber,NA,NA,NA,NA,NA,NA,NA,NA,NA,NA,NA,NA,NA,NA,NA,NA,NA,NA,NA,NA,NA,NA,NA,NA,NA,NA,NA,NA,NA,NA,NA,NA,NA,NA,NA,NA,NA,NA,NA,NA,NA,NA,NA,NA,NA,NA,NA,NA,NA,NA,0.31
king,cabbage,NA,NA,NA,NA,NA,NA,NA,NA,NA,NA,NA,NA,NA,NA,NA,NA,NA,NA,NA,NA,NA,NA,NA,NA,NA,NA,NA,NA,NA,NA,NA,NA,NA,NA,NA,NA,NA,NA,NA,NA,NA,NA,NA,NA,NA,NA,NA,NA,NA,NA,0.23
